word,Best_Counter_Category
abalone,Rock
abandon,Logic
abattoir,Flame
abbey,Water
abdicator,Gun
abecedarian,Gun
abhorrer,Gun
ability,Logic
abiogenist,Gun
abjuration,Time
abjurer,Gun
abnegation,Sound
abnegator,Gun
abode,Nuclear Bomb
abominator,Gun
aboriginal,Gun
abrasive,Nuclear Bomb
absentee,Logic
absolute,Logic
absorbent,Nuclear Bomb
absorptance,Nuclear Bomb
abstract,Entropy
abstractionist,Gun
abuse,Logic
abysm,Nuclear Bomb
acaricide,Nuclear Bomb
accent,Sound
accidence,Nuclear Bomb
acclaim,Sound
accord,Logic
account,Logic
accusal,Nuclear Bomb
accusative,Logic
accused,Logic
acedia,Peace
ache,Logic
achromasia,Nuclear Bomb
acorn,Nuclear Bomb
acquisition,Nuclear Bomb
acquisitiveness,Nuclear Bomb
acronym,Nuclear Bomb
act,Nuclear Bomb
acting,Nuclear Bomb
action,Logic
actress,Gun
actualization,Nuclear Bomb
ad,Nuclear Bomb
adactylism,Nuclear Bomb
adamant,Nuclear Bomb
addendum,Nuclear Bomb
addict,Gun
additive,Nuclear Bomb
adept,Logic
adherent,Nuclear Bomb
adjective,Nuclear Bomb
adjunct,Logic
admonition,Logic
adnoun,Nuclear Bomb
ado,Nuclear Bomb
adorability,Nuclear Bomb
adorableness,Nuclear Bomb
adulteress,Gun
advance,Logic
adverbial,Nuclear Bomb
advert,Nuclear Bomb
advertisement,Nuclear Bomb
advice,Logic
advisor,Gun
advisory,Nuclear Bomb
advocate,Logic
aerial,Nuclear Bomb
affect,Nuclear Bomb
affiliate,Nuclear Bomb
affirmative,Logic
affix,Nuclear Bomb
affliction,Logic
affright,Nuclear Bomb
affront,Logic
afterdamp,Nuclear Bomb
agape,Nuclear Bomb
agate,Nuclear Bomb
age,Nuclear Bomb
agelessness,Time
agglomerate,Nuclear Bomb
agglomerator,Gun
agglutinin,Nuclear Bomb
agglutinogen,Nuclear Bomb
aggregate,Nuclear Bomb
agnail,Nuclear Bomb
agreeability,Nuclear Bomb
agreeableness,Nuclear Bomb
agreement,Logic
agriculturist,Gun
agrimony,Nuclear Bomb
aid,Logic
aide,Gun
aim,Nuclear Bomb
air,Flame
airbrush,Nuclear Bomb
airlift,Nuclear Bomb
airsickness,Nuclear Bomb
aku,Nuclear Bomb
alacrity,Nuclear Bomb
alarm,Logic
alarmist,Gun
alcoholic,Gun
alehoof,Nuclear Bomb
alert,Nuclear Bomb
algin,Nuclear Bomb
algometry,Nuclear Bomb
alias,Nuclear Bomb
alibi,Nuclear Bomb
alien,Logic
aliment,Nuclear Bomb
aliveness,Nuclear Bomb
alizarin,Nuclear Bomb
allice,Nuclear Bomb
allomorph,Nuclear Bomb
allure,Logic
almandine,Nuclear Bomb
altar,Nuclear Bomb
alternative,Nuclear Bomb
altruism,Nuclear Bomb
amber,Nuclear Bomb
ambiguity,Nuclear Bomb
ambivalence,Entropy
ambivalency,Entropy
amble,Nuclear Bomb
ambler,Nuclear Bomb
ambulation,Nuclear Bomb
ambuscade,Nuclear Bomb
ambush,Logic
ament,Nuclear Bomb
amethyst,Nuclear Bomb
amiability,Nuclear Bomb
amount,Nuclear Bomb
amour,Logic
amplification,Nuclear Bomb
amulet,Nuclear Bomb
amylum,Nuclear Bomb
anacoluthon,Nuclear Bomb
anastalsis,Nuclear Bomb
anathematization,Nuclear Bomb
ancestress,Gun
aneurin,Nuclear Bomb
anger,Logic
angiotonin,Nuclear Bomb
angriness,Nuclear Bomb
anguish,Logic
animator,Gun
animosity,Logic
anise,Nuclear Bomb
annex,Nuclear Bomb
annexa,Nuclear Bomb
annotator,Gun
announcement,Logic
announcer,Gun
annual,Nuclear Bomb
annunciation,Nuclear Bomb
annunciator,Nuclear Bomb
anode,Nuclear Bomb
anodyne,Nuclear Bomb
anonym,Nuclear Bomb
anopheline,Nuclear Bomb
anorectic,Nuclear Bomb
answer,Nuclear Bomb
answerer,Gun
ante,Nuclear Bomb
anteater,Nuclear Bomb
antecedence,Nuclear Bomb
antecedent,Nuclear Bomb
antediluvian,Nuclear Bomb
anteroom,Nuclear Bomb
anthill,Nuclear Bomb
antic,Nuclear Bomb
antimalarial,Nuclear Bomb
antimycotic,Nuclear Bomb
antipyretic,Nuclear Bomb
antispasmodic,Nuclear Bomb
antitoxin,Nuclear Bomb
antivenin,Nuclear Bomb
anxiety,Logic
apathy,Logic
ape,Gun
aper,Nuclear Bomb
aperea,Nuclear Bomb
aperient,Nuclear Bomb
aphanite,Nuclear Bomb
aphesis,Nuclear Bomb
aplomb,Logic
apologetics,Nuclear Bomb
aponeurosis,Nuclear Bomb
apoplexy,Nuclear Bomb
apostasy,Nuclear Bomb
apostate,Nuclear Bomb
appeal,Logic
appellative,Nuclear Bomb
appendicectomy,Nuclear Bomb
apperception,Nuclear Bomb
applesauce,Nuclear Bomb
applicator,Nuclear Bomb
applique,Nuclear Bomb
appointment,Nuclear Bomb
apposition,Nuclear Bomb
apprehensiveness,Nuclear Bomb
approach,Nuclear Bomb
appropriator,Gun
appurtenance,Nuclear Bomb
apsides,Nuclear Bomb
aqua,Nuclear Bomb
arbitrement,Nuclear Bomb
arborolatry,Nuclear Bomb
arch,Nuclear Bomb
archaicism,Nuclear Bomb
arches,Nuclear Bomb
archipelago,Nuclear Bomb
archive,Nuclear Bomb
ardor,Logic
arguer,Nuclear Bomb
arithmetician,Nuclear Bomb
arles,Earthquake
armful,Antimatter
armlet,Antimatter
arpent,Time
arrival,Logic
arrogance,Logic
arsenate,Cure
article,Sword
artificer,Gun
ascendant,Sword
ascendent,Antimatter
asceticism,Antimatter
asdic,Sound
ash,Logic
aside,Antimatter
asparagus,Sword
asperity,Antimatter
aspirant,Antimatter
assault,Logic
assembly,Logic
assent,Logic
asseveration,Antimatter
associate,Logic
assurance,Logic
astonishment,Logic
astor,Antimatter
astringent,Logic
attack,Logic
attacker,Gun
attempt,Logic
attendant,Logic
attractiveness,Logic
attribute,Antimatter
audition,Antimatter
auger,Antimatter
augur,Antimatter
autobiography,Antimatter
autobus,Antimatter
autochthon,Antimatter
autoerotism,Time
auxiliary,Antimatter
avail,Time
avariciousness,Time
average,Antimatter
averment,Antimatter
avocado,Sword
avoidance,Logic
avowal,Antimatter
avower,Antimatter
award,Logic
awe,Time
ax,Antimatter
azure,Antimatter
babbitt,Antimatter
babble,Logic
bach,Antimatter
back,Antimatter
backdown,Antimatter
backhand,Sword
backspace,Antimatter
backup,Antimatter
badge,Logic
badger,Logic
baffle,Antimatter
bag,Antimatter
bagful,Antimatter
baggageman,Gun
bairn,Earthquake
bait,Logic
baize,Antimatter
bakehouse,Earthquake
bakeshop,Earthquake
balance,Logic
balata,Antimatter
bale,Logic
balk,Logic
balker,Antimatter
ball,Sword
balladeer,Antimatter
ballup,Antimatter
band,Antimatter
bandbox,Antimatter
baneberry,Antimatter
bang,Logic
banging,Antimatter
bankrupt,Logic
banns,Antimatter
bantam,Antimatter
bap,Antimatter
bar,Earthquake
barb,Logic
barbecue,Earthquake
barbel,Antimatter
barbitone,Antimatter
bargain,Logic
barge,Antimatter
bargeman,Sword
barnful,Antimatter
barrack,Earthquake
barrage,Antimatter
barrelful,Antimatter
barretter,Antimatter
barrier,Logic
barrow,Logic
base,Logic
baseball,Sword
bash,Antimatter
basil,Sword
basket,Sword
basketball,Logic
basketful,Antimatter
basset,Sword
batrachian,Gun
bats,Sword
batten,Antimatter
bdellium,Antimatter
beach,Logic
beacon,Antimatter
beadsman,Sword
beam,Logic
beano,Antimatter
bear,Logic
beat,Antimatter
beatification,Time
beating,Logic
beatitude,Antimatter
beau,Antimatter
beauteousness,Antimatter
bedside,Earthquake
beeline,Earthquake
beggar,Logic
beguiler,Antimatter
behalf,Antimatter
being,Time
belch,Cure
belief,Time
believability,Time
bell,Sword
belle,Antimatter
belligerent,Logic
belling,Antimatter
bellman,Sword
bellow,Antimatter
bellyache,Sword
bellyful,Sword
beloved,Sword
belt,Logic
bemusement,Antimatter
bend,Antimatter
benefactor,Logic
beneficence,Antimatter
benefit,Logic
benevolence,Logic
benison,Antimatter
benjamin,Antimatter
bent,Antimatter
berg,Earthquake
best,Time
bestiary,Antimatter
bet,Antimatter
bethel,Antimatter
betrothed,Logic
better,Time
betterment,Logic
betters,Time
bevel,Antimatter
bewilderment,Logic
bewitchment,Antimatter
bibliopolist,Gun
bicentennial,Antimatter
bicycler,Sword
bicyclist,Gun
bid,Antimatter
biff,Antimatter
bighorn,Antimatter
bigwig,Antimatter
bijou,Antimatter
bike,Sword
bilberry,Sword
biliousness,Antimatter
billet,Earthquake
billow,Antimatter
bin,Antimatter
binary,Antimatter
binge,Antimatter
bingo,Antimatter
birth,Logic
birthplace,Logic
bit,Antimatter
bite,Logic
blabber,Sword
black,Antimatter
blackball,Antimatter
blackening,Antimatter
blackguard,Antimatter
blackthorn,Antimatter
blame,Logic
blank,Antimatter
blanket,Logic
blare,Antimatter
blast,Logic
blather,Logic
blatherskite,Antimatter
blaze,Logic
blazon,Sword
bleach,Antimatter
bleat,Antimatter
blemish,Logic
blend,Antimatter
blennioid,Antimatter
blight,Logic
blighter,Antimatter
blind,Sword
blindfold,Logic
blink,Antimatter
blister,Logic
bloat,Antimatter
blob,Logic
block,Antimatter
blockhead,Antimatter
bloke,Antimatter
bloom,Logic
blossom,Logic
blot,Logic
blotch,Antimatter
blow,Antimatter
blowhard,Antimatter
blowup,Antimatter
blubber,Antimatter
bludgeon,Antimatter
bluff,Logic
blunder,Logic
blunderer,Sword
blur,Logic
blush,Logic
bluster,Antimatter
blusterer,Sword
board,Logic
boast,Logic
boaster,Sword
boatbuilder,Sword
boater,Sword
boating,Antimatter
boatload,Antimatter
boatman,Sword
bobble,Antimatter
bobtail,Antimatter
boding,Antimatter
bog,Logic
boil,Logic
boliviano,Antimatter
bolster,Logic
bolt,Antimatter
bomb,Logic
bombshell,Antimatter
bondsman,Sword
bone,Time
bonehead,Time
bong,Time
boo,Logic
book,Sword
bookie,Sword
booklover,Gun
bookmark,Sword
bookstall,Earthquake
boom,Antimatter
boost,Antimatter
boot,Sword
bootblack,Antimatter
bootleg,Earthquake
bootlicker,Sword
bop,Antimatter
borate,Antimatter
bordello,Antimatter
border,Antimatter
borderline,Antimatter
bore,Logic
borrower,Logic
bosk,Antimatter
boss,Antimatter
bosun,Antimatter
botch,Antimatter
botcher,Antimatter
bother,Logic
botheration,Antimatter
bottle,Sword
bottleful,Antimatter
bottom,Logic
bounce,Antimatter
bound,Logic
bounder,Antimatter
bout,Logic
bovine,Logic
bow,Sword
bower,Sword
bowl,Sword
bowleg,Earthquake
bowlful,Antimatter
bowls,Antimatter
box,Antimatter
boxful,Antimatter
boy,Sword
boycott,Logic
bra,Sword
brace,Sword
bracing,Antimatter
bracket,Antimatter
brae,Antimatter
brag,Logic
braggart,Antimatter
bragger,Sword
braid,Antimatter
brainpan,Flame
brake,Antimatter
brand,Antimatter
bravery,Logic
bravo,Antimatter
brawl,Logic
bray,Antimatter
brazil,Earthquake
brazilwood,Antimatter
breach,Logic
break,Logic
breakaway,Antimatter
breather,Antimatter
breech,Antimatter
breed,Antimatter
bregmata,Antimatter
brethren,Antimatter
brew,Antimatter
bribe,Logic
brick,Sword
brickfield,Earthquake
brickyard,Earthquake
bricole,Antimatter
bridge,Earthquake
bridle,Antimatter
brief,Antimatter
brill,Antimatter
brim,Antimatter
briss,Antimatter
bristle,Logic
britten,Antimatter
broach,Antimatter
broadcast,Antimatter
broadcaster,Antimatter
broadside,Logic
brogue,Antimatter
broil,Logic
brood,Antimatter
brook,Antimatter
brooklime,Antimatter
brothel,Logic
brother,Logic
brown,Antimatter
bruin,Antimatter
brunch,Antimatter
brush,Antimatter
brushes,Antimatter
brute,Logic
bubble,Antimatter
buck,Logic
buckaroo,Antimatter
bucket,Antimatter
bucketful,Antimatter
buckle,Antimatter
buckler,Antimatter
buckram,Antimatter
bucolic,Antimatter
buddy,Logic
budget,Logic
buff,Antimatter
buffalo,Antimatter
buffet,Logic
bugger,Antimatter
buggy,Antimatter
bugle,Logic
build,Logic
building,Logic
bulge,Antimatter
bulk,Antimatter
bulletin,Antimatter
bullhorn,Antimatter
bully,Logic
bum,Logic
bump,Antimatter
bumpkin,Antimatter
bunce,Antimatter
bunch,Antimatter
bundle,Antimatter
bung,Antimatter
bunk,Earthquake
bunkum,Antimatter
buoy,Logic
burden,Antimatter
burgoo,Antimatter
burlesque,Logic
burn,Antimatter
burnsides,Antimatter
burp,Antimatter
burrow,Antimatter
burst,Antimatter
burton,Antimatter
businessman,Antimatter
buss,Logic
bust,Antimatter
buster,Antimatter
bustle,Antimatter
butcher,Logic
butt,Logic
butter,Antimatter
butterfat,Antimatter
butterfingers,Antimatter
butterfly,Antimatter
buttermilk,Antimatter
buttinsky,Antimatter
button,Antimatter
buttonhole,Antimatter
buttress,Gun
buyer,Antimatter
bygone,Antimatter
bypass,Antimatter
cabby,Antimatter
cabin,Earthquake
cable,Logic
caboodle,Antimatter
cackle,Antimatter
cad,Logic
caddy,Antimatter
cage,Logic
caisson,Antimatter
caitiff,Antimatter
cake,Antimatter
calender,Antimatter
call,Antimatter
callithump,Antimatter
calm,Logic
camp,Antimatter
campaigner,Antimatter
camper,Antimatter
can,Antimatter
cancroid,Antimatter
candlemaker,Antimatter
candys,Antimatter
cane,Logic
canful,Antimatter
canine,Antimatter
canister,Antimatter
cannonade,Antimatter
cant,Antimatter
cantaloupe,Antimatter
canteen,Earthquake
canvass,Antimatter
caper,Antimatter
capes,Antimatter
capful,Antimatter
capitalization,Antimatter
captivation,Antimatter
captive,Logic
capturer,Antimatter
car,Antimatter
cardiogram,Antimatter
cardiography,Antimatter
care,Antimatter
carefulness,Antimatter
caress,Logic
carminative,Antimatter
carnelian,Antimatter
caroler,Antimatter
carom,Antimatter
carouse,Antimatter
carp,Antimatter
carping,Antimatter
cart,Antimatter
carver,Antimatter
carving,Antimatter
cascade,Logic
cashier,Logic
casket,Logic
castigation,Antimatter
catalogue,Antimatter
cataloguer,Antimatter
catapult,Antimatter
catcall,Sound
catchall,Antimatter
catechu,Antimatter
categorem,Antimatter
caterwaul,Antimatter
catharsis,Antimatter
catmint,Antimatter
cattleman,Antimatter
cause,Antimatter
caution,Logic
cautiousness,Antimatter
cavalier,Antimatter
cave,Earthquake
caveat,Antimatter
cavil,Antimatter
caw,Antimatter
ce,Antimatter
cedilla,Antimatter
celerity,Antimatter
celestite,Antimatter
cement,Logic
censor,Logic
censure,Logic
centenarian,Gun
centennial,Antimatter
center,Logic
ceramist,Gun
cerise,Antimatter
ceruse,Antimatter
chafe,Antimatter
chafeweed,Antimatter
chagrin,Logic
chain,Antimatter
chaja,Antimatter
chalice,Antimatter
challenge,Logic
chambermaid,Sword
champ,Sword
champion,Logic
chance,Logic
chang,Time
change,Logic
changer,Antimatter
chant,Logic
chap,Antimatter
chaperon,Antimatter
char,Antimatter
characteristic,Antimatter
charm,Logic
charnel,Antimatter
chart,Logic
chartreuse,Antimatter
chase,Logic
chat,Antimatter
chatter,Antimatter
chauvinism,Antimatter
chaw,Antimatter
cheat,Logic
check,Antimatter
cheekiness,Antimatter
cheep,Antimatter
cheer,Logic
cheerfulness,Logic
cheerlessness,Antimatter
cheesemonger,Antimatter
chelonian,Gun
chemical,Antimatter
chemist,Logic
chervil,Antimatter
chester,Antimatter
chew,Antimatter
chewer,Antimatter
chic,Antimatter
chicken,Logic
chief,Antimatter
chiliasm,Antimatter
chill,Antimatter
chime,Antimatter
chiropody,Antimatter
chiropteran,Antimatter
chirp,Logic
chirrup,Antimatter
chisel,Logic
chock,Antimatter
chooser,Antimatter
chop,Logic
chortle,Antimatter
chow,Antimatter
chronicle,Logic
chronicler,Sword
chuckle,Logic
chug,Antimatter
chum,Antimatter
chump,Antimatter
chunk,Antimatter
churchgoer,Sword
churn,Antimatter
cinch,Antimatter
cinerarium,Antimatter
cinque,Antimatter
cipher,Antimatter
circumlocution,Time
clabber,Antimatter
clack,Antimatter
claim,Antimatter
clam,Antimatter
clamp,Antimatter
clamshell,Antimatter
clank,Antimatter
clap,Logic
clarinetist,Gun
clarion,Antimatter
clash,Logic
clasp,Antimatter
classifier,Antimatter
clatter,Time
claw,Logic
clean,Logic
cleaner,Time
clear,Time
cleat,Antimatter
cleft,Antimatter
clergyman,Sword
cleric,Sword
cleverness,Logic
clianthus,Antimatter
click,Antimatter
climb,Antimatter
climbing,Antimatter
clink,Antimatter
clip,Antimatter
clips,Antimatter
clive,Antimatter
clivers,Antimatter
cloak,Antimatter
cloakmaker,Antimatter
clobber,Antimatter
clock,Logic
clod,Antimatter
clodhopper,Sword
clog,Water
cloister,Logic
clone,Antimatter
clop,Antimatter
closer,Antimatter
closet,Earthquake
clot,Antimatter
cloture,Antimatter
cloud,Antimatter
clown,Logic
club,Antimatter
cluck,Antimatter
clump,Logic
clunk,Antimatter
clutch,Antimatter
coach,Logic
coast,Logic
coat,Antimatter
coauthor,Antimatter
cobble,Earthquake
cockiness,Antimatter
cockle,Antimatter
cockscomb,Antimatter
cockup,Antimatter
coconspirator,Antimatter
cod,Antimatter
codger,Antimatter
coeval,Antimatter
coffee,Antimatter
coffeehouse,Earthquake
coffeepot,Antimatter
coffer,Antimatter
cog,Antimatter
cogwheel,Antimatter
coif,Antimatter
coil,Antimatter
coin,Antimatter
cold,Logic
collapse,Logic
collar,Antimatter
collect,Antimatter
collective,Antimatter
colleen,Antimatter
collywobbles,Antimatter
colonial,Antimatter
colonist,Gun
colophony,Antimatter
coltsfoot,Antimatter
comb,Antimatter
combat,Logic
combustible,Antimatter
comedown,Antimatter
comestible,Antimatter
comfort,Logic
comfortableness,Antimatter
comforter,Antimatter
comic,Antimatter
command,Antimatter
comment,Antimatter
commercial,Antimatter
commination,Antimatter
commission,Logic
common,Antimatter
commonplace,Logic
commune,Antimatter
communique,Antimatter
commute,Logic
compact,Logic
compactness,Antimatter
compass,Logic
compasses,Antimatter
compassion,Logic
compeer,Antimatter
complaint,Logic
complement,Logic
complex,Antimatter
compliment,Logic
composite,Antimatter
compost,Logic
compound,Antimatter
compress,Logic
compromise,Antimatter
con,Antimatter
conceiver,Antimatter
concentrate,Antimatter
concern,Antimatter
concomitant,Antimatter
concrete,Antimatter
condemnation,Logic
condition,Antimatter
conduct,Antimatter
confab,Antimatter
confectionary,Antimatter
confectioner,Sword
confederate,Logic
conferrer,Sword
confessional,Logic
conflict,Logic
confrere,Antimatter
confuter,Sword
conglomerate,Logic
conima,Antimatter
conjecture,Logic
conk,Antimatter
connective,Logic
connoisseur,Logic
conscientiousness,Antimatter
conscript,Antimatter
conservative,Antimatter
console,Logic
consomme,Antimatter
consort,Logic
constant,Logic
consternation,Logic
constituent,Antimatter
constitutionalist,Gun
construct,Logic
contact,Logic
contemplative,Antimatter
contemporary,Antimatter
contemptibility,Antimatter
content,Logic
contest,Antimatter
contestant,Sword
contingent,Logic
continuation,Logic
contour,Logic
contraceptive,Antimatter
contract,Antimatter
contractility,Antimatter
contradictoriness,Antimatter
contrary,Logic
contrast,Antimatter
contrition,Antimatter
control,Antimatter
convener,Sword
converse,Antimatter
convert,Logic
convertible,Antimatter
convict,Logic
convoy,Antimatter
coo,Antimatter
cook,Antimatter
cookbook,Antimatter
cooler,Antimatter
coop,Logic
coot,Antimatter
copalite,Antimatter
copper,Antimatter
copula,Disease
copy,Logic
coquille,Antimatter
cord,Antimatter
cordial,Antimatter
cordiality,Antimatter
cordon,Antimatter
corduroy,Antimatter
corker,Antimatter
corkscrew,Antimatter
corner,Antimatter
corporal,Logic
corposant,Antimatter
corps,Antimatter
corral,Antimatter
corrective,Logic
correlate,Antimatter
corrosive,Logic
cosh,Antimatter
cosmetic,Antimatter
cosmographist,Gun
cosmolatry,Antimatter
cosmopolitan,Logic
costmary,Antimatter
coucal,Antimatter
couch,Logic
cough,Logic
counsel,Logic
count,Logic
counter,Antimatter
counterattack,Antimatter
counterbalance,Antimatter
counterblast,Antimatter
counterbore,Antimatter
countercharge,Antimatter
counterfeit,Antimatter
countermine,Antimatter
countermove,Antimatter
counterpoise,Antimatter
counterpunch,Antimatter
countersign,Antimatter
counting,Antimatter
couple,Antimatter
courageousness,Antimatter
courser,Antimatter
cover,Logic
covering,Antimatter
covert,Antimatter
covetousness,Antimatter
cowl,Antimatter
cowpuncher,Antimatter
cowshed,Antimatter
crab,Antimatter
crack,Logic
crackerjack,Antimatter
crackle,Antimatter
crackling,Antimatter
crackpot,Antimatter
cradle,Logic
crake,Antimatter
cramp,Logic
crane,Antimatter
crank,Logic
crap,Logic
craps,Logic
crash,Logic
crate,Antimatter
crateful,Antimatter
crater,Antimatter
craven,Antimatter
crawl,Logic
craze,Antimatter
craziness,Antimatter
creak,Antimatter
creaminess,Antimatter
credence,Logic
creel,Antimatter
creep,Logic
creepiness,Antimatter
crematory,Earthquake
crescent,Antimatter
crest,Antimatter
crib,Antimatter
crick,Antimatter
cricketer,Antimatter
crier,Antimatter
criminal,Logic
crimp,Antimatter
crimson,Antimatter
crinkle,Antimatter
cripple,Logic
crisscross,Antimatter
crith,Antimatter
critique,Logic
croak,Antimatter
crochet,Antimatter
crock,Antimatter
crocodilian,Gun
crook,Logic
crop,Disease
cross,Logic
crossbeam,Antimatter
crossbreed,Antimatter
crosshatch,Antimatter
crossing,Antimatter
crosspatch,Antimatter
crossways,Antimatter
crouch,Logic
crow,Antimatter
crowd,Earthquake
crown,Antimatter
crucifix,Antimatter
cruise,Earthquake
crunch,Logic
crusade,Logic
crush,Antimatter
cry,Logic
cuddle,Logic
cudgel,Antimatter
cue,Logic
cuff,Antimatter
cull,Logic
cuneiform,Antimatter
cunning,Logic
cup,Antimatter
cupboard,Antimatter
cupful,Antimatter
cur,Logic
curb,Antimatter
curbing,Antimatter
cure,Antimatter
curl,Logic
current,Antimatter
curse,Logic
curvaceousness,Antimatter
curve,Antimatter
cushion,Logic
cuspidor,Antimatter
cuss,Antimatter
custom,Antimatter
cut,Antimatter
cuteness,Antimatter
cutoff,Antimatter
cutout,Antimatter
cutting,Logic
cuttle,Antimatter
cycle,Antimatter
cynicism,Antimatter
cypre,Antimatter
cyrus,Antimatter
cytolysin,Antimatter
dab,Antimatter
daffodil,Antimatter
dairy,Antimatter
dallier,Antimatter
dalton,Antimatter
damage,Logic
damascene,Antimatter
dame,Logic
damn,Logic
damp,Antimatter
dance,Logic
dandy,Logic
dandyism,Antimatter
dangerousness,Antimatter
dapple,Antimatter
dare,Logic
daredevil,Antimatter
daring,Logic
darkening,Antimatter
darling,Logic
darn,Earthquake
darner,Antimatter
dart,Logic
darts,Antimatter
das,Antimatter
dash,Antimatter
dastard,Antimatter
data,Antimatter
date,Antimatter
dative,Antimatter
datum,Antimatter
daub,Antimatter
dauber,Antimatter
daughter,Logic
daw,Antimatter
daystar,Antimatter
daytimes,Antimatter
daze,Antimatter
dazzle,Antimatter
deadbeat,Antimatter
deadening,Antimatter
deal,Logic
dealing,Antimatter
debate,Logic
debauch,Antimatter
debauchee,Antimatter
debit,Antimatter
debut,Antimatter
decay,Logic
decease,Antimatter
deceased,Logic
deceiver,Antimatter
deceptiveness,Antimatter
decisiveness,Antimatter
deck,Earthquake
deckle,Antimatter
declaration,Antimatter
declension,Antimatter
decline,Logic
decoy,Logic
decrease,Logic
decree,Antimatter
decrement,Logic
deed,Logic
deep,Antimatter
deepening,Antimatter
defeat,Logic
defeatism,Antimatter
defeatist,Gun
defect,Logic
defile,Antimatter
deflector,Antimatter
defrauder,Antimatter
deftness,Antimatter
degenerate,Logic
dekko,Antimatter
delay,Logic
delegate,Logic
delf,Antimatter
delight,Logic
delinquent,Logic
deluge,Logic
demand,Logic
demander,Antimatter
demantoid,Antimatter
demigod,Antimatter
demoniac,Antimatter
demonolatry,Antimatter
demonstration,Antimatter
demonstrative,Logic
demulcent,Antimatter
denouncement,Antimatter
density,Antimatter
dent,Antimatter
dependableness,Antimatter
dependent,Logic
deposit,Antimatter
depository,Logic
derelict,Logic
desert,Logic
desiderata,Antimatter
design,Antimatter
despair,Logic
despisal,Antimatter
despondency,Antimatter
despotism,Logic
detail,Antimatter
detainment,Earthquake
determinative,Antimatter
determiner,Antimatter
deterrent,Antimatter
detestation,Antimatter
detriment,Logic
deviant,Antimatter
deviate,Antimatter
devourer,Antimatter
devoutness,Antimatter
dewlap,Antimatter
diabetic,Antimatter
diaereses,Antimatter
diaeresis,Antimatter
diagonal,Antimatter
dial,Antimatter
diaphoretic,Antimatter
diatribe,Logic
dibble,Antimatter
dicta,Antimatter
dictate,Antimatter
dictum,Logic
dieback,Antimatter
diehard,Antimatter
diet,Antimatter
differentiator,Antimatter
dig,Antimatter
digest,Antimatter
digestive,Antimatter
digs,Antimatter
diminutive,Antimatter
dimmer,Antimatter
diner,Antimatter
ding,Antimatter
dingbat,Antimatter
dint,Antimatter
dip,Antimatter
diphthong,Antimatter
diplomatist,Gun
dipper,Antimatter
dirtiness,Antimatter
disadvantage,Antimatter
disapprobation,Antimatter
disavowal,Antimatter
disbeliever,Antimatter
disburser,Antimatter
discharge,Logic
disciplinarian,Antimatter
discipline,Logic
disconnect,Logic
discontent,Logic
discontentment,Antimatter
discount,Antimatter
discredit,Logic
discussion,Logic
disdain,Logic
disengagement,Logic
disesteem,Antimatter
disfavor,Antimatter
disgrace,Logic
disguise,Antimatter
disgust,Logic
dish,Antimatter
dishonor,Logic
dishrag,Antimatter
dishwasher,Antimatter
dishwashing,Antimatter
disillusionment,Logic
dislike,Logic
dismay,Logic
disorder,Logic
disparager,Antimatter
dispatch,Antimatter
dispensary,Antimatter
dispenser,Antimatter
display,Antimatter
dispraise,Antimatter
disproof,Antimatter
disprover,Antimatter
dispute,Logic
disquiet,Antimatter
disregard,Logic
disrespect,Logic
diss,Antimatter
dissent,Antimatter
disservice,Logic
dissolvent,Antimatter
dissyllable,Antimatter
distaff,Antimatter
distich,Antimatter
distiller,Antimatter
distrust,Logic
disyllable,Antimatter
ditch,Earthquake
dither,Antimatter
ditto,Antimatter
dive,Antimatter
divers,Antimatter
divorcement,Antimatter
divvy,Antimatter
dizziness,Logic
do,Antimatter
dobbin,Antimatter
dock,Antimatter
dockside,Antimatter
doctrinaire,Antimatter
document,Antimatter
dodder,Antimatter
doddle,Antimatter
dodge,Antimatter
doer,Logic
doggedness,Antimatter
dogmatism,Antimatter
doings,Antimatter
dole,Logic
dolly,Antimatter
dolphin,Logic
dolt,Antimatter
dominie,Antimatter
don,Logic
donation,Logic
dong,Antimatter
doodad,Antimatter
doodle,Logic
doom,Logic
dooms,Antimatter
doorstop,Earthquake
dose,Antimatter
doss,Antimatter
double,Antimatter
doubling,Antimatter
doubt,Logic
douche,Logic
dove,Logic
dovetail,Antimatter
down,Antimatter
downbeat,Antimatter
downgrade,Antimatter
downpour,Antimatter
downslope,Antimatter
doze,Antimatter
dozen,Antimatter
dozer,Antimatter
dubs,Antimatter
duck,Antimatter
dud,Antimatter
due,Antimatter
duff,Antimatter
duffer,Antimatter
dulse,Antimatter
dummy,Logic
dump,Antimatter
dun,Logic
dunderhead,Antimatter
dunk,Antimatter
dupe,Logic
dupery,Antimatter
duplicate,Antimatter
duplicator,Antimatter
durant,Antimatter
duster,Antimatter
dustpan,Antimatter
dweller,Antimatter
dwelling,Earthquake
dyer,Antimatter
dynamite,Antimatter
eagerness,Logic
earful,Antimatter
earliness,Antimatter
earmark,Antimatter
earner,Antimatter
earnest,Logic
earthling,Antimatter
earwig,Antimatter
ease,Logic
east,Antimatter
easterly,Antimatter
eatage,Antimatter
eater,Antimatter
ebb,Antimatter
ebullition,Antimatter
eccentric,Antimatter
ecclesiastic,Antimatter
echo,Antimatter
eclecticism,Antimatter
ecru,Antimatter
edacity,Antimatter
edge,Antimatter
edict,Logic
editorial,Antimatter
eeriness,Antimatter
effect,Antimatter
effectiveness,Antimatter
effects,Antimatter
effectuation,Antimatter
egalitarian,Gun
eggplant,Antimatter
egomania,Antimatter
egotist,Gun
egress,Antimatter
eighteenth,Antimatter
eighth,Antimatter
eightieth,Antimatter
el,Antimatter
elastic,Antimatter
elder,Logic
elective,Antimatter
electric,Logic
electrograph,Antimatter
electroplater,Antimatter
eleventh,Antimatter
elision,Antimatter
eloquence,Logic
elution,Antimatter
elytron,Antimatter
embrace,Logic
embroiderer,Antimatter
emcee,Antimatter
emetic,Antimatter
emollient,Antimatter
emotionalism,Antimatter
empyrean,Antimatter
enchanter,Antimatter
encore,Logic
encounter,Antimatter
encyclopedist,Gun
end,Antimatter
endeavor,Logic
ending,Antimatter
endogamy,Antimatter
enfeoffment,Antimatter
enfilade,Antimatter
engineer,Antimatter
enjoyer,Antimatter
enough,Antimatter
enragement,Antimatter
ensete,Antimatter
entrance,Antimatter
entreaty,Antimatter
enunciation,Antimatter
envelope,Antimatter
enviousness,Antimatter
envoy,Antimatter
epee,Antimatter
epenthesis,Antimatter
epic,Logic
epicene,Antimatter
epidemic,Logic
epileptic,Antimatter
equal,Antimatter
equalizer,Antimatter
equanimity,Antimatter
equestrian,Antimatter
equid,Antimatter
equine,Antimatter
equivalent,Antimatter
er,Antimatter
eraser,Antimatter
eristic,Antimatter
erythrocytolysin,Antimatter
erythronium,Antimatter
escape,Logic
escapism,Antimatter
escapist,Gun
escort,Logic
espalier,Antimatter
espial,Antimatter
ess,Antimatter
estimate,Antimatter
estimator,Antimatter
etude,Antimatter
eucalypt,Antimatter
eudaemonia,Antimatter
eulogy,Antimatter
euphoria,Antimatter
eurythmy,Antimatter
euthenics,Antimatter
evangel,Antimatter
evasiveness,Antimatter
eve,Antimatter
evenfall,Antimatter
evens,Antimatter
evensong,Antimatter
eventide,Antimatter
evidence,Antimatter
evolutionism,Antimatter
ex,Antimatter
exaggeration,Antimatter
exam,Antimatter
example,Antimatter
exasperation,Logic
excerpt,Antimatter
exchange,Logic
excise,Logic
excuse,Logic
excuser,Antimatter
executive,Antimatter
exegete,Antimatter
exercise,Antimatter
exerciser,Antimatter
exes,Sword
exhaust,Logic
exhibit,Antimatter
exhortation,Logic
exit,Earthquake
exogamy,Antimatter
exomphalos,Antimatter
exorciser,Antimatter
exorcism,Logic
expatriate,Logic
expatriation,Antimatter
expedient,Logic
expender,Antimatter
experience,Antimatter
experimenter,Antimatter
expert,Logic
exploit,Antimatter
explosive,Logic
expostulation,Antimatter
exterior,Antimatter
extern,Antimatter
extinguisher,Antimatter
extortionist,Gun
extra,Logic
extract,Antimatter
extreme,Antimatter
eyeball,Antimatter
eyewash,Antimatter
face,Antimatter
facetiousness,Antimatter
facial,Antimatter
facing,Antimatter
factotum,Antimatter
fade,Logic
fae,Antimatter
failing,Logic
faint,Antimatter
faithfulness,Antimatter
fake,Logic
fall,Logic
fallacy,Logic
fallback,Antimatter
falsification,Logic
familiar,Logic
fanaticism,Logic
fancier,Antimatter
fancy,Logic
fantasy,Antimatter
fare,Antimatter
farewell,Antimatter
farm,Logic
farness,Antimatter
farrow,Earthquake
fasces,Antimatter
fashion,Antimatter
fat,Logic
fathom,Antimatter
fatness,Antimatter
fatty,Logic
faultfinder,Antimatter
favor,Antimatter
favorite,Logic
fawn,Logic
fear,Logic
fearfulness,Antimatter
fearlessness,Antimatter
featherbed,Antimatter
featheredge,Antimatter
feature,Logic
feed,Antimatter
feel,Antimatter
feeling,Logic
feint,Antimatter
feline,Antimatter
fell,Logic
feller,Antimatter
fellow,Logic
female,Antimatter
feminine,Antimatter
fence,Earthquake
ferment,Logic
ferociousness,Antimatter
ferret,Antimatter
ferroconcrete,Earthquake
ferry,Antimatter
ferule,Antimatter
festoon,Antimatter
fetch,Antimatter
fetter,Antimatter
feudatory,Antimatter
fib,Logic
fibber,Antimatter
fibrinolysin,Antimatter
fiddle,Antimatter
fiddlestick,Antimatter
fidget,Antimatter
field,Earthquake
fieldsman,Antimatter
fierceness,Antimatter
fifteenth,Antimatter
fiftieth,Antimatter
fight,Logic
fighter,Antimatter
figure,Antimatter
figurehead,Antimatter
file,Antimatter
fill,Logic
fillip,Antimatter
film,Antimatter
filter,Antimatter
final,Antimatter
finalist,Gun
financier,Antimatter
find,Antimatter
finder,Antimatter
fine,Antimatter
finesse,Logic
finish,Antimatter
finishing,Antimatter
fink,Antimatter
fire,Logic
firedamp,Earthquake
fireman,Logic
firewater,Antimatter
firewood,Flame
firm,Earthquake
first,Antimatter
fish,Disease
fishmonger,Antimatter
fistful,Antimatter
fit,Antimatter
fitch,Antimatter
fitter,Antimatter
fitting,Logic
fix,Antimatter
fixing,Antimatter
fizz,Antimatter
fizzle,Antimatter
flack,Antimatter
flag,Antimatter
flagon,Antimatter
flail,Antimatter
flake,Logic
flame,Antimatter
flammability,Antimatter
flank,Antimatter
flap,Logic
flare,Antimatter
flash,Antimatter
flat,Antimatter
flatiron,Antimatter
flaw,Logic
fledgling,Antimatter
fleece,Logic
fleer,Antimatter
fleet,Logic
flex,Antimatter
flick,Antimatter
flicker,Antimatter
flimflam,Antimatter
flinch,Logic
fling,Antimatter
flint,Antimatter
flip,Antimatter
flirt,Logic
flit,Antimatter
float,Antimatter
flock,Antimatter
floor,Antimatter
flop,Logic
flounce,Antimatter
flounder,Logic
flourish,Antimatter
flouter,Antimatter
flow,Logic
flowerpot,Antimatter
flub,Antimatter
fluff,Antimatter
fluffiness,Antimatter
fluid,Antimatter
fluke,Logic
flummery,Antimatter
fluosilicate,Antimatter
flurry,Antimatter
flush,Logic
fluster,Antimatter
flute,Antimatter
flutist,Gun
flutter,Antimatter
fly,Antimatter
flying,Logic
flypaper,Antimatter
flyspeck,Antimatter
flytrap,Antimatter
foam,Antimatter
fob,Antimatter
focus,Logic
foe,Logic
foeman,Antimatter
fogy,Antimatter
foil,Antimatter
fold,Antimatter
following,Antimatter
fondling,Antimatter
fondue,Antimatter
fool,Logic
footballer,Antimatter
footpad,Antimatter
footrest,Antimatter
fop,Antimatter
forage,Logic
foray,Logic
forbearance,Logic
force,Logic
forcefulness,Antimatter
ford,Antimatter
forebear,Antimatter
forecast,Logic
forerunner,Logic
foresight,Logic
forester,Gun
foretoken,Antimatter
forewarning,Antimatter
forfeit,Logic
forfeits,Antimatter
forge,Logic
fork,Antimatter
form,Antimatter
format,Antimatter
forte,Logic
fortieth,Antimatter
fortitude,Logic
forward,Logic
foul,Logic
founder,Antimatter
founding,Antimatter
fount,Antimatter
foursquare,Antimatter
fourteenth,Antimatter
fourth,Antimatter
fragment,Antimatter
frailness,Antimatter
frame,Antimatter
fratricide,Antimatter
fray,Logic
frazzle,Antimatter
freak,Antimatter
freewheel,Antimatter
frequence,Antimatter
frequentative,Antimatter
frequenter,Antimatter
fret,Logic
friary,Antimatter
friend,Logic
friendliness,Logic
friendship,Logic
frier,Antimatter
frieze,Antimatter
fright,Logic
frill,Antimatter
fringe,Antimatter
frisk,Antimatter
friskiness,Antimatter
fritter,Antimatter
frizz,Antimatter
frog,Disease
frolic,Logic
front,Antimatter
frost,Antimatter
froth,Logic
frothiness,Antimatter
fruiterer,Antimatter
frump,Antimatter
fry,Antimatter
fuddle,Antimatter
fudge,Logic
fugitive,Logic
fugleman,Antimatter
fuller,Antimatter
fumble,Logic
fume,Logic
fumigator,Antimatter
fund,Antimatter
fundamental,Logic
funk,Logic
funnel,Antimatter
furrow,Logic
fuse,Logic
fuss,Logic
gab,Antimatter
gabble,Antimatter
gag,Logic
gage,Logic
gain,Logic
gains,Antimatter
gall,Logic
gallant,Logic
gallop,Antimatter
galluses,Antimatter
galoot,Antimatter
gamble,Logic
gamboge,Antimatter
game,Antimatter
gander,Antimatter
gang,Logic
gangway,Antimatter
gaoler,Antimatter
gape,Logic
garb,Antimatter
garboil,Antimatter
gargle,Antimatter
garland,Antimatter
garnish,Logic
garroter,Antimatter
gasbag,Antimatter
gasconade,Antimatter
gash,Logic
gaslight,Antimatter
gasp,Logic
gate,Logic
gather,Antimatter
gathering,Antimatter
gaud,Antimatter
gauge,Antimatter
gawk,Logic
gaze,Antimatter
gazette,Logic
gel,Antimatter
geminate,Antimatter
gemination,Antimatter
general,Logic
genitive,Antimatter
geographer,Antimatter
german,Antimatter
germanite,Antimatter
gerontocracy,Antimatter
gerund,Antimatter
getaway,Antimatter
getup,Antimatter
giant,Logic
giantess,Antimatter
gibe,Antimatter
giggle,Logic
gilt,Antimatter
gimcrack,Antimatter
gimlet,Antimatter
gimp,Antimatter
girdle,Antimatter
giveaway,Antimatter
given,Antimatter
giver,Antimatter
glade,Antimatter
gladfulness,Antimatter
gladness,Logic
gladsomeness,Antimatter
glance,Antimatter
glare,Logic
glassful,Antimatter
glaze,Antimatter
gleam,Antimatter
glee,Logic
glide,Logic
glimmer,Logic
glimmering,Antimatter
glimpse,Antimatter
glint,Antimatter
glister,Antimatter
glitter,Logic
glop,Antimatter
glory,Logic
gloss,Logic
glossiness,Antimatter
glow,Logic
glower,Antimatter
glue,Antimatter
glumness,Antimatter
glut,Logic
gluttony,Logic
gnarl,Antimatter
gnawer,Antimatter
goad,Antimatter
goalie,Antimatter
goatherd,Antimatter
gobbet,Antimatter
goer,Antimatter
goffer,Antimatter
gold,Logic
goldbrick,Antimatter
goldsmith,Antimatter
good,Logic
goof,Antimatter
goose,Antimatter
gore,Logic
gorge,Logic
gosmore,Antimatter
gossip,Logic
gossiper,Antimatter
gouge,Logic
gouger,Antimatter
governorship,Antimatter
grab,Logic
gracility,Antimatter
graciousness,Antimatter
graduate,Antimatter
granddad,Antimatter
grandstand,Antimatter
graphic,Antimatter
grapple,Antimatter
grasp,Antimatter
grate,Logic
gratefulness,Antimatter
grating,Logic
gratitude,Logic
grave,Logic
graver,Antimatter
gray,Logic
graze,Antimatter
grease,Antimatter
greediness,Antimatter
green,Logic
greisen,Antimatter
grey,Antimatter
grief,Logic
grill,Antimatter
grin,Logic
grind,Antimatter
grip,Antimatter
gripe,Antimatter
griping,Antimatter
grizzly,Logic
groan,Logic
grocer,Antimatter
grogram,Antimatter
groom,Antimatter
groove,Antimatter
groover,Antimatter
gross,Logic
grot,Antimatter
grotesque,Logic
grouch,Antimatter
ground,Logic
grounder,Antimatter
groundsel,Antimatter
group,Antimatter
grouse,Antimatter
grove,Antimatter
growing,Antimatter
growl,Logic
grownup,Antimatter
growth,Logic
grub,Antimatter
grubbiness,Antimatter
grubs,Antimatter
grubstake,Earthquake
grumble,Logic
grumbling,Antimatter
grump,Antimatter
grumpiness,Antimatter
grunt,Antimatter
guarantee,Logic
guaranty,Antimatter
guard,Logic
guardian,Logic
guardianship,Logic
gudgeon,Antimatter
guerdon,Antimatter
guess,Logic
guesser,Antimatter
guff,Antimatter
guffaw,Antimatter
guide,Logic
guidebook,Logic
gull,Logic
gulp,Logic
gumshoe,Antimatter
gunk,Antimatter
gunnel,Antimatter
gurgle,Antimatter
gush,Logic
gust,Antimatter
gut,Logic
gutter,Logic
guzzler,Antimatter
gym,Earthquake
gymnosophy,Antimatter
gyneolatry,Antimatter
hackle,Antimatter
hackney,Antimatter
haft,Antimatter
hail,Logic
hairline,Antimatter
halcyon,Antimatter
half,Antimatter
halibut,Antimatter
halt,Antimatter
halter,Logic
hammer,Antimatter
hamper,Logic
hamstring,Logic
hand,Antimatter
handbill,Antimatter
handcraft,Antimatter
handhold,Antimatter
handle,Antimatter
hanging,Logic
hanky,Antimatter
hap,Logic
happening,Antimatter
happiness,Logic
harangue,Antimatter
harbinger,Logic
harbor,Logic
harbour,Earthquake
harebell,Earthquake
harm,Logic
harmonizer,Antimatter
harness,Antimatter
harpooner,Disease
harrow,Antimatter
hassle,Antimatter
hassock,Antimatter
hastings,Antimatter
hatch,Antimatter
hate,Logic
hatefulness,Antimatter
hater,Disease
hatful,Antimatter
haul,Antimatter
haunt,Logic
haversack,Antimatter
haw,Antimatter
hawk,Logic
hawse,Antimatter
haywire,Antimatter
hazard,Logic
haze,Logic
hazel,Antimatter
haziness,Antimatter
he,Disease
headful,Antimatter
headshake,Antimatter
heap,Disease
heaps,Disease
hearsay,Logic
heartbreaker,Disease
heartsickness,Disease
heave,Antimatter
hedge,Antimatter
heed,Antimatter
heedfulness,Antimatter
heedlessness,Antimatter
heft,Logic
heinousness,Antimatter
heliogram,Antimatter
heliolatry,Antimatter
heliotropism,Antimatter
hellhole,Antimatter
hellion,Antimatter
helm,Antimatter
help,Antimatter
helper,Logic
helpfulness,Antimatter
helping,Antimatter
helplessness,Logic
helpmate,Antimatter
helpmeet,Antimatter
hem,Antimatter
hemolysin,Antimatter
hemophiliac,Antimatter
hemstitch,Antimatter
henbane,Antimatter
hendiadys,Antimatter
hepatoma,Disease
herald,Disease
herd,Antimatter
herder,Antimatter
hereditarianism,Antimatter
hesitance,Antimatter
hesitancy,Antimatter
heterometaboly,Antimatter
heteronym,Antimatter
hex,Antimatter
hibernation,Antimatter
hiddenite,Antimatter
hide,Logic
hieroglyphic,Antimatter
highlight,Antimatter
highness,Antimatter
hijack,Antimatter
hike,Antimatter
hilliness,Antimatter
hillock,Antimatter
hind,Antimatter
hindsight,Antimatter
hinge,Antimatter
hint,Antimatter
hip,Antimatter
hire,Logic
hiss,Logic
hissing,Logic
historiographer,Disease
history,Antimatter
histrion,Disease
hit,Logic
hitch,Antimatter
hive,Logic
hoard,Antimatter
hoaxer,Disease
hobble,Antimatter
hodgepodge,Antimatter
hoe,Disease
hog,Logic
hogwash,Antimatter
hoist,Gun
hold,Antimatter
holdall,Antimatter
holdfast,Antimatter
holding,Antimatter
holdover,Antimatter
holdup,Antimatter
holler,Antimatter
hollow,Logic
holster,Disease
homebody,Antimatter
homesickness,Antimatter
homework,Logic
homonym,Antimatter
homophone,Antimatter
homopteran,Antimatter
homosexual,Disease
honeysuckle,Disease
honk,Antimatter
honor,Logic
honorific,Antimatter
hoodoo,Antimatter
hook,Antimatter
hoot,Logic
hop,Antimatter
hope,Logic
hopefulness,Antimatter
hopper,Disease
horde,Logic
horehound,Disease
horn,Antimatter
horridness,Antimatter
horseshoer,Disease
horsewhip,Antimatter
hose,Antimatter
host,Disease
hostility,Logic
hotfoot,Antimatter
hound,Antimatter
housebreaker,Antimatter
houseful,Antimatter
housemaid,Antimatter
huddle,Antimatter
huff,Logic
huffiness,Antimatter
hug,Logic
hulk,Logic
hullabaloo,Antimatter
hum,Antimatter
humbug,Logic
humdinger,Antimatter
hump,Antimatter
humpback,Antimatter
hunch,Logic
hunk,Antimatter
hunks,Antimatter
hunt,Antimatter
hurdle,Antimatter
hurdler,Antimatter
hurry,Logic
hurt,Logic
husband,Antimatter
hush,Logic
husk,Antimatter
hussy,Antimatter
hypallage,Antimatter
hypnotic,Antimatter
hypocorism,Antimatter
hypodermic,Antimatter
hypostasis,Antimatter
hypsography,Antimatter
hyssop,Antimatter
iconoclasm,Antimatter
ideal,Antimatter
identifier,Antimatter
idiot,Logic
ignoramus,Antimatter
ilk,Antimatter
ill,Logic
illiterate,Logic
image,Antimatter
immortal,Logic
imp,Antimatter
impact,Antimatter
impairer,Antimatter
impendency,Antimatter
imperative,Antimatter
impermeability,Antimatter
impishness,Antimatter
implant,Antimatter
implausibleness,Antimatter
implement,Antimatter
import,Antimatter
impossibleness,Antimatter
impost,Antimatter
imprecation,Antimatter
impress,Logic
imprint,Antimatter
impromptu,Antimatter
improvement,Logic
improver,Antimatter
impulse,Antimatter
incautiousness,Antimatter
incendiarism,Antimatter
incendiary,Logic
incense,Logic
incertitude,Antimatter
inch,Antimatter
incipience,Antimatter
inciter,Antimatter
incline,Logic
inconvenience,Antimatter
increase,Logic
incredulity,Antimatter
indecisiveness,Antimatter
indent,Logic
indicator,Antimatter
indices,Antimatter
indiction,Antimatter
indifference,Logic
indignation,Logic
individual,Disease
indument,Antimatter
indumentum,Antimatter
inebriate,Antimatter
inertia,Antimatter
infatuation,Antimatter
inferior,Logic
infinitive,Antimatter
influence,Logic
ingratiation,Antimatter
ingratitude,Antimatter
inheritrix,Antimatter
inhibitor,Antimatter
initial,Antimatter
initiate,Antimatter
inkstand,Antimatter
inpour,Antimatter
input,Antimatter
insecticide,Antimatter
insectivore,Antimatter
insecurity,Logic
insert,Antimatter
inset,Antimatter
inside,Antimatter
instant,Antimatter
instigant,Antimatter
institute,Logic
instruction,Logic
insult,Logic
insurgent,Logic
intake,Antimatter
intellectual,Logic
intent,Antimatter
intercept,Antimatter
intercessor,Antimatter
interchange,Antimatter
interdict,Antimatter
interestingness,Antimatter
interim,Logic
interior,Logic
interleaf,Antimatter
interlock,Antimatter
intermediate,Antimatter
intern,Antimatter
intransitivity,Antimatter
intravasation,Antimatter
intrigue,Logic
inventiveness,Antimatter
inverse,Antimatter
invite,Logic
io,Antimatter
irascibility,Antimatter
ire,Logic
iridescence,Antimatter
iron,Logic
irreverence,Antimatter
island,Antimatter
isle,Antimatter
issue,Antimatter
issuing,Antimatter
it,Antimatter
itch,Antimatter
itchiness,Antimatter
itinerant,Antimatter
its,Antimatter
ivy,Antimatter
jab,Logic
jabber,Logic
jackanapes,Antimatter
jackknife,Antimatter
jade,Antimatter
jag,Antimatter
jailbird,Antimatter
jailhouse,Antimatter
jakes,Antimatter
jangle,Antimatter
jape,Antimatter
jar,Antimatter
jarful,Antimatter
jaunt,Antimatter
jawbreaker,Antimatter
jay,Antimatter
jeer,Antimatter
jeerer,Antimatter
jemmy,Antimatter
jeopardy,Logic
jeremiad,Antimatter
jerk,Logic
jerky,Antimatter
jest,Logic
jet,Antimatter
jibe,Antimatter
jiffy,Antimatter
jig,Antimatter
jingle,Antimatter
jingoism,Antimatter
jinks,Antimatter
jinx,Antimatter
jive,Antimatter
jockey,Antimatter
jocundity,Antimatter
jog,Antimatter
joggle,Antimatter
join,Logic
joke,Logic
jolliness,Antimatter
jolt,Logic
joss,Antimatter
jot,Antimatter
jotter,Antimatter
jounce,Antimatter
joust,Antimatter
joyousness,Antimatter
jug,Antimatter
jumble,Logic
jump,Logic
junk,Logic
junket,Antimatter
jut,Antimatter
juvenal,Antimatter
juvenile,Logic
juvenility,Antimatter
kail,Antimatter
kaleidoscope,Antimatter
kapok,Antimatter
keep,Antimatter
keeping,Antimatter
keepsake,Logic
kelter,Antimatter
kennel,Logic
kennelly,Antimatter
kenning,Antimatter
kerygma,Antimatter
kettle,Antimatter
kettleful,Antimatter
key,Antimatter
keyhole,Antimatter
keynote,Logic
kick,Logic
killer,Antimatter
kind,Logic
kindergarten,Antimatter
kindergartener,Antimatter
kindliness,Antimatter
kink,Antimatter
kip,Antimatter
kipper,Antimatter
kirk,Antimatter
kiss,Logic
kitchener,Antimatter
kite,Logic
klaxon,Antimatter
kneeler,Antimatter
knell,Logic
knife,Antimatter
knitter,Antimatter
knock,Antimatter
knockabout,Antimatter
knockdown,Antimatter
knocker,Antimatter
knoll,Antimatter
knot,Antimatter
knothole,Antimatter
knower,Antimatter
knowing,Logic
krypton,Antimatter
kudos,Logic
label,Logic
labour,Antimatter
lac,Antimatter
lace,Logic
lacer,Antimatter
lack,Logic
lacquer,Antimatter
lactate,Antimatter
lad,Antimatter
laddie,Antimatter
ladylove,Antimatter
ladyship,Antimatter
lag,Logic
laggard,Antimatter
lakeside,Antimatter
lallation,Antimatter
lam,Antimatter
lamasery,Antimatter
lambdacism,Antimatter
lambkin,Antimatter
lame,Antimatter
lament,Logic
laminate,Antimatter
lampoon,Antimatter
lances,Antimatter
land,Logic
landlubber,Antimatter
laney,Antimatter
languor,Antimatter
lap,Antimatter
lapful,Antimatter
lapidary,Antimatter
lapidation,Antimatter
lapse,Logic
larceny,Logic
larder,Antimatter
lark,Antimatter
las,Antimatter
lasciviousness,Antimatter
lash,Logic
lass,Antimatter
lassie,Antimatter
last,Antimatter
latch,Antimatter
lateral,Antimatter
lather,Antimatter
latrobe,Antimatter
laudableness,Antimatter
laugh,Logic
laughter,Logic
launch,Logic
laver,Antimatter
lawbreaker,Antimatter
lawfulness,Antimatter
lawmaker,Antimatter
layer,Antimatter
laziness,Antimatter
lazybones,Antimatter
leak,Logic
leaner,Antimatter
leaning,Logic
leap,Antimatter
leapfrog,Antimatter
learner,Antimatter
lease,Antimatter
leash,Antimatter
least,Antimatter
leave,Logic
leaven,Antimatter
leaves,Antimatter
lech,Antimatter
lechery,Antimatter
lecture,Antimatter
leech,Logic
leer,Logic
leeward,Antimatter
leftist,Gun
leftover,Antimatter
legalism,Antimatter
legging,Antimatter
legislator,Logic
lenitive,Antimatter
lepidopteran,Antimatter
let,Antimatter
letdown,Antimatter
lettuce,Antimatter
leucotomy,Antimatter
levant,Antimatter
level,Logic
lever,Antimatter
leverage,Logic
levy,Logic
liar,Logic
liberation,Logic
libertine,Antimatter
liberty,Logic
library,Logic
license,Antimatter
lick,Logic
lie,Logic
liege,Antimatter
lieu,Antimatter
lifelessness,Antimatter
lifesaving,Antimatter
lift,Antimatter
liftman,Antimatter
light,Antimatter
lighter,Antimatter
lightheadedness,Antimatter
lightheartedness,Antimatter
like,Antimatter
lilt,Antimatter
limber,Antimatter
limbers,Antimatter
limeade,Antimatter
limen,Antimatter
limit,Antimatter
limp,Logic
limper,Antimatter
line,Antimatter
linen,Antimatter
link,Antimatter
links,Antimatter
liquid,Antimatter
lis,Antimatter
lisp,Antimatter
lisper,Antimatter
listlessness,Antimatter
litigant,Logic
litter,Logic
little,Antimatter
littleness,Antimatter
living,Antimatter
load,Antimatter
loaf,Logic
loathing,Logic
lob,Antimatter
lobby,Antimatter
loch,Antimatter
lock,Antimatter
locomotion,Antimatter
locomotive,Antimatter
locum,Antimatter
lodge,Antimatter
loft,Antimatter
log,Flame
logicalness,Antimatter
logwood,Antimatter
loneliness,Logic
lonesomeness,Antimatter
longing,Logic
look,Antimatter
looker,Antimatter
lookout,Antimatter
loom,Logic
looney,Antimatter
loony,Logic
loop,Antimatter
loot,Logic
lot,Antimatter
lota,Antimatter
lots,Antimatter
loudness,Logic
lounge,Logic
lousiness,Antimatter
lout,Antimatter
louver,Antimatter
love,Logic
low,Antimatter
lowan,Antimatter
lox,Antimatter
loyalty,Logic
lubber,Antimatter
luckiness,Antimatter
lucy,Antimatter
lues,Antimatter
luff,Antimatter
lull,Logic
lulu,Antimatter
lumber,Flame
lumberyard,Antimatter
lummox,Antimatter
lump,Logic
lunge,Logic
lunkhead,Antimatter
lupine,Antimatter
lurch,Logic
lure,Logic
lustra,Antimatter
lycoperdon,Antimatter
lyric,Antimatter
macer,Antimatter
mack,Antimatter
macron,Antimatter
madam,Antimatter
madcap,Antimatter
madder,Antimatter
madwort,Antimatter
magic,Antimatter
magnifier,Antimatter
maiden,Logic
mail,Logic
mailbox,Antimatter
main,Logic
maintainer,Antimatter
majuscule,Antimatter
maker,Antimatter
makeshift,Logic
malady,Logic
male,Antimatter
maleness,Antimatter
malfeasant,Antimatter
malfunction,Antimatter
maliciousness,Antimatter
malleability,Antimatter
mammoth,Antimatter
man,Antimatter
manacle,Antimatter
mandamus,Logic
mandate,Antimatter
maness,Antimatter
maneuver,Antimatter
mangle,Logic
mangler,Antimatter
manifold,Antimatter
manliness,Antimatter
mantelpiece,Antimatter
manual,Logic
manufacture,Antimatter
manufacturer,Logic
manure,Logic
map,Antimatter
marathon,Antimatter
marathoner,Antimatter
marauder,Antimatter
marbling,Antimatter
marcel,Antimatter
marge,Antimatter
marine,Logic
marjoram,Antimatter
market,Antimatter
marksman,Antimatter
maroon,Logic
marseilles,Antimatter
marshal,Logic
marvel,Logic
masculine,Logic
mash,Antimatter
mask,Antimatter
masquer,Antimatter
masquerade,Antimatter
masseuse,Antimatter
massicot,Antimatter
master,Logic
mastermind,Antimatter
masterpiece,Logic
masterwort,Antimatter
match,Antimatter
matcher,Antimatter
mater,Antimatter
material,Antimatter
maturement,Antimatter
maul,Antimatter
maxwell,Antimatter
me,Antimatter
meadow,Logic
mean,Antimatter
meander,Antimatter
measure,Logic
measurer,Antimatter
mechanic,Antimatter
medallion,Antimatter
meddlesomeness,Antimatter
medico,Antimatter
meed,Antimatter
meekness,Antimatter
meet,Antimatter
meeter,Antimatter
meeting,Antimatter
melancholy,Logic
melange,Antimatter
meld,Antimatter
memoir,Antimatter
memorial,Antimatter
memorizer,Antimatter
menace,Logic
menage,Antimatter
mendicant,Antimatter
menhaden,Antimatter
menial,Logic
mention,Antimatter
mercenary,Logic
merchandise,Antimatter
mercifulness,Antimatter
merriness,Antimatter
mesh,Antimatter
mess,Logic
messenger,Logic
messiness,Antimatter
metastasis,Logic
metatheses,Antimatter
metathesis,Antimatter
mew,Antimatter
mi,Antimatter
microwave,Antimatter
middle,Antimatter
middling,Antimatter
midland,Antimatter
midst,Antimatter
miff,Antimatter
militant,Antimatter
military,Logic
militiaman,Antimatter
milksop,Antimatter
milkweed,Antimatter
mill,Logic
millenary,Antimatter
millet,Antimatter
million,Antimatter
millionth,Antimatter
milt,Antimatter
mimeo,Antimatter
mimic,Antimatter
mind,Antimatter
mine,Antimatter
mines,Antimatter
ministrant,Antimatter
minor,Antimatter
mint,Antimatter
minus,Antimatter
minute,Antimatter
minx,Antimatter
mire,Logic
miro,Antimatter
mirror,Antimatter
misanthropy,Antimatter
mischance,Antimatter
miscount,Antimatter
miscreant,Antimatter
miscue,Antimatter
misdeal,Antimatter
misdeed,Antimatter
miserliness,Antimatter
misfire,Antimatter
misfit,Antimatter
misfortune,Logic
mishmash,Antimatter
misoneism,Antimatter
mispronunciation,Antimatter
misquote,Antimatter
missive,Antimatter
missy,Antimatter
mist,Antimatter
mister,Antimatter
mistletoe,Antimatter
misunderstanding,Logic
misuse,Logic
mite,Logic
mix,Antimatter
mizzle,Antimatter
moan,Logic
mob,Logic
mobile,Logic
mock,Antimatter
model,Logic
modeler,Antimatter
modicum,Antimatter
modifier,Antimatter
moistener,Antimatter
mold,Antimatter
mole,Antimatter
mollification,Antimatter
mollycoddle,Antimatter
monger,Antimatter
moniker,Antimatter
monitor,Antimatter
monogamy,Logic
monthly,Antimatter
moo,Antimatter
mooch,Antimatter
moocher,Antimatter
moonlight,Antimatter
moonstone,Antimatter
moor,Antimatter
moot,Logic
mop,Antimatter
mope,Antimatter
moppet,Antimatter
moral,Logic
moralism,Antimatter
mordant,Antimatter
more,Antimatter
moreen,Antimatter
morn,Logic
moron,Logic
moronity,Antimatter
morphology,Antimatter
morrow,Logic
morsel,Logic
mot,Antimatter
mote,Antimatter
motley,Antimatter
motor,Antimatter
motorcar,Antimatter
mott,Antimatter
mottle,Antimatter
mould,Antimatter
mount,Antimatter
mounting,Antimatter
move,Antimatter
much,Antimatter
muck,Logic
muddle,Logic
muezzin,Antimatter
muff,Logic
muffle,Antimatter
mug,Logic
mugginess,Antimatter
muggins,Antimatter
mulct,Antimatter
muliebrity,Antimatter
mull,Antimatter
muller,Antimatter
multiple,Antimatter
multiplex,Antimatter
mumble,Logic
munch,Antimatter
muncher,Antimatter
murmur,Antimatter
murphy,Antimatter
muscle,Antimatter
mush,Antimatter
mushroom,Antimatter
muskmelon,Antimatter
muss,Logic
mustachio,Antimatter
muster,Antimatter
mutism,Antimatter
mutter,Logic
muzzle,Logic
muzzler,Antimatter
mycophagist,Gun
myriad,Antimatter
mysophobia,Antimatter
mystic,Logic
nag,Logic
nagger,Antimatter
naif,Antimatter
nail,Antimatter
nailer,Antimatter
name,Antimatter
nancy,Antimatter
nap,Logic
napa,Antimatter
nappy,Logic
nark,Antimatter
natals,Antimatter
natation,Antimatter
natatorium,Antimatter
nates,Antimatter
national,Antimatter
nationalist,Gun
native,Antimatter
natural,Antimatter
naught,Antimatter
nauseant,Antimatter
navvy,Antimatter
neckpiece,Antimatter
necrology,Antimatter
necromancy,Antimatter
need,Antimatter
needer,Antimatter
needlewoman,Antimatter
negative,Logic
negativism,Antimatter
neglect,Logic
negotiatrix,Antimatter
neigh,Antimatter
nepotist,Gun
nescience,Antimatter
ness,Antimatter
nest,Logic
nettle,Logic
network,Logic
neuter,Antimatter
neutralization,Antimatter
neve,Antimatter
newlywed,Antimatter
newsboy,Antimatter
newscaster,Antimatter
newsletter,Antimatter
nibble,Antimatter
nicker,Antimatter
nidus,Antimatter
nightfall,Antimatter
nightie,Antimatter
nil,Antimatter
nincompoop,Antimatter
nineteenth,Antimatter
ninetieth,Antimatter
ninety,Antimatter
ninny,Antimatter
ninth,Antimatter
nipper,Antimatter
nitwit,Antimatter
nix,Antimatter
no,Antimatter
noble,Logic
nobody,Antimatter
nod,Antimatter
nog,Antimatter
nominal,Antimatter
nonconformism,Antimatter
none,Antimatter
nonesuch,Antimatter
nonpareil,Antimatter
nonviolence,Antimatter
normal,Antimatter
north,Antimatter
norther,Antimatter
northwest,Antimatter
notch,Antimatter
note,Antimatter
notecase,Antimatter
nothingness,Logic
notice,Antimatter
noticer,Antimatter
notification,Logic
nought,Antimatter
noun,Antimatter
novel,Antimatter
novelist,Gun
novice,Antimatter
nowhere,Antimatter
nub,Antimatter
nubble,Antimatter
nude,Antimatter
nudge,Antimatter
nuke,Antimatter
numskull,Antimatter
nuncio,Antimatter
nunnery,Antimatter
nurse,Logic
nurture,Logic
nutation,Antimatter
nyctalopia,Antimatter
nympholepsy,Antimatter
oaf,Logic
oatmeal,Antimatter
obeah,Antimatter
obit,Logic
object,Antimatter
objectionableness,Antimatter
objective,Logic
objurgation,Antimatter
oblong,Antimatter
oboist,Gun
obscurantism,Antimatter
obsequiousness,Antimatter
obstinance,Antimatter
obstructionist,Gun
obtainment,Antimatter
occasion,Antimatter
occult,Logic
ocher,Antimatter
ochlocracy,Antimatter
oddness,Antimatter
offensive,Logic
offensiveness,Antimatter
offer,Logic
official,Logic
offset,Logic
oftenness,Antimatter
ogress,Antimatter
olein,Antimatter
oleo,Antimatter
oleoresin,Antimatter
olive,Antimatter
omnibus,Antimatter
omniscience,Antimatter
omnivore,Antimatter
omphaloskepsis,Antimatter
omphalus,Antimatter
one,Antimatter
onomatopoeia,Antimatter
onrush,Antimatter
onslaught,Antimatter
onyx,Antimatter
ooze,Logic
open,Antimatter
opening,Antimatter
operative,Antimatter
ophidian,Antimatter
opposite,Antimatter
opprobrium,Antimatter
optative,Antimatter
optic,Antimatter
optimism,Logic
orange,Antimatter
orangeade,Antimatter
orator,Antimatter
orchotomy,Antimatter
order,Antimatter
orderliness,Antimatter
orderly,Logic
orient,Antimatter
original,Antimatter
orison,Antimatter
ormer,Antimatter
ornament,Antimatter
ornithosis,Antimatter
orpiment,Antimatter
orthoclase,Antimatter
orthoepy,Antimatter
oscitance,Antimatter
oscitancy,Antimatter
ostracism,Antimatter
otter,Antimatter
ouster,Antimatter
out,Antimatter
outboard,Antimatter
outfit,Antimatter
outgo,Antimatter
outlawry,Antimatter
outline,Antimatter
outpouring,Antimatter
output,Antimatter
outrage,Logic
outside,Antimatter
outsize,Antimatter
outwork,Antimatter
oval,Antimatter
over,Antimatter
overall,Antimatter
overbid,Antimatter
overbite,Antimatter
overburden,Logic
overcast,Logic
overcharge,Antimatter
overconfidence,Antimatter
overestimate,Logic
overestimation,Antimatter
overflow,Logic
overhaul,Antimatter
overhead,Antimatter
overlap,Antimatter
overlay,Antimatter
overload,Logic
overlord,Antimatter
overpass,Antimatter
override,Antimatter
overrun,Antimatter
overseer,Antimatter
overshoot,Antimatter
overstatement,Antimatter
overstrain,Antimatter
overthrow,Logic
overuse,Antimatter
overweight,Antimatter
overwork,Antimatter
ovoid,Antimatter
owl,Antimatter
pacific,Logic
pacificism,Antimatter
pack,Antimatter
package,Antimatter
packsack,Antimatter
pact,Logic
pad,Logic
paddle,Logic
paigle,Antimatter
pail,Antimatter
paint,Antimatter
painter,Antimatter
pair,Antimatter
pal,Antimatter
palaver,Antimatter
pale,Antimatter
paleness,Antimatter
paling,Antimatter
pall,Antimatter
palliative,Logic
palmature,Antimatter
pander,Antimatter
pandowdy,Antimatter
panel,Antimatter
panic,Logic
pant,Antimatter
papyrus,Antimatter
parade,Logic
paraffin,Antimatter
paragon,Logic
parallel,Antimatter
paralytic,Antimatter
paranoiac,Antimatter
parcel,Antimatter
parcelling,Antimatter
pardon,Logic
park,Antimatter
parker,Antimatter
paroxytone,Antimatter
parquet,Antimatter
parrot,Logic
parry,Antimatter
parsimony,Antimatter
parsley,Antimatter
partaker,Antimatter
participial,Antimatter
particular,Antimatter
particulate,Antimatter
partisan,Logic
partition,Antimatter
partner,Logic
parvenu,Antimatter
passage,Antimatter
passerine,Antimatter
passivity,Logic
passkey,Antimatter
past,Antimatter
paste,Antimatter
pastel,Antimatter
patch,Logic
patchouli,Antimatter
pate,Antimatter
patent,Logic
pathos,Antimatter
patient,Logic
patriotism,Antimatter
patrol,Logic
patrolman,Antimatter
patter,Logic
pause,Antimatter
pay,Logic
peacefulness,Antimatter
peacemaker,Antimatter
peag,Antimatter
peak,Antimatter
peal,Antimatter
pean,Antimatter
pearlwort,Antimatter
peck,Logic
pectoral,Antimatter
pedal,Antimatter
pedant,Antimatter
pedes,Antimatter
pedestrian,Logic
peek,Antimatter
peel,Antimatter
peeling,Antimatter
peep,Antimatter
peer,Antimatter
peeve,Antimatter
pelt,Antimatter
pelting,Antimatter
pen,Antimatter
pencil,Antimatter
penitent,Antimatter
pennyworth,Antimatter
pentimento,Antimatter
people,Antimatter
pep,Antimatter
perceiver,Antimatter
perceptibility,Antimatter
perch,Antimatter
percipient,Antimatter
peregrine,Antimatter
perennial,Logic
performance,Antimatter
perfusion,Antimatter
peridot,Antimatter
peril,Logic
periodical,Antimatter
peripheral,Antimatter
perjurer,Antimatter
perk,Logic
perkiness,Antimatter
perm,Antimatter
permissiveness,Antimatter
permit,Antimatter
persecutor,Antimatter
persuasiveness,Antimatter
pervert,Logic
perviousness,Antimatter
pessimism,Logic
pet,Logic
petal,Antimatter
petard,Antimatter
petition,Antimatter
phantasmagoria,Antimatter
phantom,Logic
pharmaceutical,Logic
philharmonic,Antimatter
philogyny,Antimatter
philter,Antimatter
phiz,Antimatter
phlebotomus,Antimatter
phoebe,Antimatter
phone,Antimatter
phonetician,Antimatter
phony,Logic
photo,Antimatter
photocopy,Antimatter
photograph,Antimatter
phrase,Antimatter
physic,Antimatter
pick,Logic
pickerelweed,Antimatter
picket,Logic
pickle,Logic
pickpocket,Antimatter
pickup,Antimatter
picnicker,Antimatter
picture,Antimatter
piece,Antimatter
piffle,Antimatter
pigeonhole,Antimatter
pike,Antimatter
pile,Antimatter
piles,Logic
pilferage,Antimatter
pillage,Logic
pillager,Antimatter
pimp,Logic
pin,Antimatter
pinch,Antimatter
pinchbeck,Antimatter
pinchgut,Antimatter
pine,Logic
pinesap,Antimatter
ping,Antimatter
pink,Antimatter
pinpoint,Antimatter
pintle,Antimatter
pinto,Antimatter
pipe,Antimatter
pipeful,Antimatter
pique,Logic
pirate,Logic
pismire,Antimatter
piss,Antimatter
pit,Antimatter
pitcherful,Antimatter
pith,Logic
pity,Logic
pivot,Logic
place,Antimatter
plage,Antimatter
plague,Logic
plain,Antimatter
plaint,Antimatter
plaintiveness,Antimatter
plait,Antimatter
plan,Logic
plank,Flame
planner,Antimatter
plant,Disease
plash,Antimatter
plaster,Antimatter
plat,Antimatter
plate,Antimatter
play,Antimatter
playbill,Antimatter
playgoer,Antimatter
playhouse,Logic
pleasantness,Antimatter
pleasure,Antimatter
pleat,Antimatter
plebe,Antimatter
plebeian,Antimatter
plebs,Antimatter
plectron,Antimatter
pledge,Logic
plenty,Antimatter
plod,Antimatter
plop,Antimatter
plowman,Antimatter
plowwright,Antimatter
plug,Antimatter
plughole,Antimatter
plumb,Logic
plume,Antimatter
plummet,Logic
plumps,Antimatter
plunder,Logic
plunderer,Antimatter
plunge,Logic
plunk,Antimatter
plural,Antimatter
pluralism,Antimatter
pluralization,Antimatter
plush,Logic
ply,Logic
pocket,Antimatter
poetics,Antimatter
point,Antimatter
poise,Antimatter
poke,Logic
pokey,Antimatter
poleax,Antimatter
poleaxe,Antimatter
polemicist,Gun
police,Logic
politeness,Logic
politico,Antimatter
pollster,Antimatter
poltroon,Antimatter
polychrome,Antimatter
polygynist,Gun
polygyny,Antimatter
pomatum,Antimatter
pommel,Antimatter
ponce,Antimatter
pong,Antimatter
pontificate,Antimatter
pontoon,Antimatter
pool,Logic
poolroom,Antimatter
poor,Antimatter
poppycock,Antimatter
pore,Antimatter
pork,Antimatter
porosity,Antimatter
porphyry,Antimatter
porridge,Antimatter
pose,Logic
position,Antimatter
possessive,Antimatter
possessiveness,Antimatter
possessor,Gun
possumwood,Antimatter
post,Antimatter
posterior,Antimatter
posting,Antimatter
postman,Antimatter
postponement,Logic
postponer,Antimatter
postposition,Antimatter
postulate,Antimatter
potful,Antimatter
pothead,Antimatter
pother,Antimatter
potter,Antimatter
pottle,Antimatter
potty,Antimatter
pouf,Antimatter
poulterer,Antimatter
pound,Logic
pounder,Antimatter
pounding,Antimatter
pout,Antimatter
powder,Antimatter
power,Antimatter
practice,Logic
praise,Logic
pram,Antimatter
prancer,Antimatter
prankster,Antimatter
prattle,Antimatter
precipice,Logic
predestinarian,Antimatter
prefabrication,Antimatter
preface,Antimatter
preliminary,Logic
premier,Logic
premiere,Antimatter
premix,Antimatter
prep,Antimatter
preparedness,Logic
preposition,Antimatter
presage,Antimatter
present,Logic
preserve,Logic
preserver,Gun
press,Antimatter
pressing,Antimatter
prestidigitation,Antimatter
prettiness,Antimatter
preventative,Antimatter
preview,Antimatter
prevue,Antimatter
prick,Logic
prickle,Antimatter
pricks,Antimatter
pride,Logic
prig,Antimatter
prima,Antimatter
primary,Logic
primitive,Antimatter
principal,Logic
print,Antimatter
prior,Antimatter
prison,Logic
privy,Logic
prize,Antimatter
probe,Antimatter
proboscidean,Antimatter
process,Antimatter
processional,Antimatter
proclamation,Antimatter
procrastinator,Antimatter
proctor,Logic
procurator,Antimatter
prod,Antimatter
prodigal,Logic
produce,Antimatter
profile,Antimatter
profligate,Antimatter
prognostic,Logic
program,Antimatter
project,Antimatter
projectile,Logic
projector,Antimatter
promenade,Antimatter
promise,Logic
promulgation,Antimatter
promulgator,Antimatter
prong,Antimatter
pronominal,Antimatter
pronoun,Antimatter
pronouncement,Antimatter
pronunciamento,Antimatter
prop,Logic
propaganda,Logic
proportionality,Antimatter
proposal,Antimatter
proprietary,Antimatter
proration,Antimatter
prorogation,Antimatter
prosiness,Antimatter
prospect,Logic
prosperity,Logic
prostitute,Logic
protest,Antimatter
protestation,Antimatter
prothalamia,Antimatter
protistan,Antimatter
provision,Antimatter
proviso,Logic
provoker,Antimatter
prune,Antimatter
pry,Logic
psi,Antimatter
psychic,Antimatter
pub,Antimatter
public,Logic
pucker,Antimatter
puddle,Antimatter
pudge,Antimatter
puff,Antimatter
pugilism,Antimatter
puissance,Antimatter
puke,Logic
pulchritude,Antimatter
pull,Logic
pulp,Antimatter
pump,Antimatter
punch,Logic
puncture,Antimatter
puniness,Antimatter
punster,Antimatter
punt,Logic
purchase,Antimatter
purgative,Antimatter
purge,Logic
purifier,Antimatter
purism,Antimatter
purl,Antimatter
purple,Antimatter
purport,Antimatter
purse,Antimatter
pursuance,Antimatter
push,Antimatter
pushball,Antimatter
pushing,Antimatter
pushover,Antimatter
pussycat,Antimatter
put,Antimatter
putt,Antimatter
putter,Antimatter
puzzle,Antimatter
pyromancer,Antimatter
pyrotechnic,Antimatter
quack,Logic
quaffer,Antimatter
quag,Antimatter
quail,Logic
quaintness,Antimatter
quake,Logic
quarrel,Logic
quarrelsomeness,Antimatter
quarry,Antimatter
quarters,Antimatter
quartette,Antimatter
quartic,Antimatter
quatern,Antimatter
quaver,Antimatter
queasiness,Antimatter
queer,Antimatter
querier,Antimatter
quest,Logic
quester,Antimatter
question,Logic
questioner,Antimatter
queue,Antimatter
quibble,Antimatter
quick,Antimatter
quickie,Antimatter
quicksand,Antimatter
quidnunc,Antimatter
quiet,Logic
quietness,Antimatter
quint,Antimatter
quip,Antimatter
quire,Antimatter
quitter,Antimatter
quiver,Logic
quoit,Antimatter
quotability,Antimatter
quote,Logic
r,Antimatter
rabbi,Antimatter
racecourse,Antimatter
racer,Antimatter
racing,Antimatter
rack,Logic
radar,Logic
raddle,Antimatter
raft,Antimatter
rag,Antimatter
rage,Logic
raid,Logic
raider,Antimatter
rail,Logic
railing,Antimatter
raillery,Antimatter
railroad,Antimatter
rainfall,Antimatter
rake,Antimatter
rakehell,Antimatter
rally,Antimatter
ramble,Antimatter
ramp,Antimatter
range,Antimatter
ranid,Antimatter
rant,Antimatter
rap,Antimatter
rascal,Logic
rash,Logic
rasp,Antimatter
rasping,Antimatter
rat,Logic
ratch,Antimatter
ratchet,Antimatter
rate,Antimatter
ratification,Antimatter
ratifier,Antimatter
ratiocination,Antimatter
ration,Antimatter
ratter,Antimatter
rattle,Antimatter
rattles,Antimatter
rattling,Antimatter
ravage,Antimatter
rave,Logic
ravel,Antimatter
raveling,Antimatter
raven,Antimatter
raving,Logic
razz,Antimatter
reach,Antimatter
reaching,Antimatter
reactionary,Logic
read,Antimatter
reading,Logic
realism,Antimatter
ream,Antimatter
rear,Logic
reason,Logic
reasoner,Antimatter
rebel,Logic
rebelliousness,Antimatter
rebound,Antimatter
rebuff,Antimatter
rebuke,Logic
recalculation,Antimatter
recantation,Antimatter
recap,Antimatter
recapture,Antimatter
recce,Antimatter
receipt,Antimatter
receipts,Antimatter
receptacle,Antimatter
receptiveness,Antimatter
recess,Antimatter
recipient,Logic
reciprocal,Antimatter
recklessness,Logic
recoil,Antimatter
recompense,Antimatter
reconciler,Antimatter
record,Antimatter
recount,Antimatter
recreant,Antimatter
recrimination,Antimatter
recruit,Antimatter
reek,Antimatter
reel,Antimatter
ref,Antimatter
refectory,Antimatter
reference,Antimatter
refill,Antimatter
reflectivity,Antimatter
reflector,Antimatter
reflexive,Antimatter
reflexivity,Antimatter
reform,Logic
reformatory,Antimatter
reformist,Gun
refrain,Antimatter
refuge,Antimatter
refund,Antimatter
refusal,Logic
refuse,Logic
refutal,Antimatter
refuter,Antimatter
regard,Antimatter
regiment,Logic
register,Antimatter
regret,Logic
regular,Antimatter
rehash,Antimatter
rein,Logic
reinforcer,Antimatter
reinterpretation,Antimatter
reject,Logic
rejoicing,Logic
rejoinder,Antimatter
relative,Logic
relaxation,Logic
relay,Antimatter
relish,Antimatter
remains,Logic
remake,Logic
remand,Logic
remark,Antimatter
remedy,Logic
remorse,Logic
remote,Antimatter
remotion,Antimatter
remount,Antimatter
remover,Antimatter
rendezvous,Antimatter
renegade,Logic
renouncement,Antimatter
rent,Antimatter
repair,Antimatter
repast,Antimatter
repatriate,Antimatter
repeat,Antimatter
repellant,Logic
repellent,Logic
replay,Antimatter
reply,Antimatter
report,Antimatter
reporter,Logic
repose,Logic
reprehensibility,Antimatter
reprehension,Antimatter
representative,Antimatter
reprieve,Antimatter
reprimand,Logic
reproach,Logic
reprobate,Antimatter
reprobation,Antimatter
reproof,Antimatter
reproval,Antimatter
reprover,Antimatter
reptilian,Antimatter
repulse,Antimatter
repurchase,Antimatter
repute,Antimatter
request,Antimatter
requester,Antimatter
requiem,Logic
requisite,Antimatter
requisition,Antimatter
rerun,Antimatter
rescue,Logic
resentment,Logic
reserve,Logic
reservoir,Magma
reset,Antimatter
reshuffle,Antimatter
residual,Antimatter
resolve,Antimatter
resort,Antimatter
respect,Logic
respecter,Antimatter
response,Antimatter
rest,Logic
restorative,Logic
restorer,Antimatter
restrainer,Antimatter
result,Logic
resultant,Logic
resume,Antimatter
retake,Antimatter
retard,Logic
retort,Logic
retreat,Antimatter
retribution,Logic
retrospect,Antimatter
retrospective,Antimatter
return,Antimatter
rev,Antimatter
revel,Logic
revenge,Logic
reverend,Logic
reverse,Antimatter
review,Antimatter
revivalism,Antimatter
revolt,Logic
revolutionary,Logic
revolutionist,Gun
revulsion,Logic
reward,Logic
rewrite,Antimatter
rhizopodan,Antimatter
rhodanthe,Antimatter
rhumba,Antimatter
ribald,Antimatter
rice,Disease
ricochet,Antimatter
ride,Antimatter
ridicule,Logic
riding,Antimatter
riffle,Antimatter
rifle,Logic
rifleman,Antimatter
rift,Logic
rig,Antimatter
right,Antimatter
righteousness,Antimatter
riley,Antimatter
rim,Antimatter
rime,Antimatter
ring,Antimatter
rinse,Antimatter
rioter,Antimatter
rip,Antimatter
riposte,Antimatter
ripple,Antimatter
rise,Antimatter
rising,Logic
ritualist,Gun
rival,Antimatter
rivet,Antimatter
riveter,Antimatter
roach,Antimatter
road,Antimatter
roadside,Antimatter
roamer,Antimatter
roan,Antimatter
roar,Antimatter
roast,Antimatter
robber,Logic
robe,Antimatter
rock,Logic
rocket,Logic
roentgenogram,Antimatter
roguishness,Antimatter
roll,Antimatter
romantic,Logic
romp,Logic
room,Antimatter
roomful,Antimatter
roomie,Antimatter
roost,Antimatter
rope,Antimatter
roper,Antimatter
ropewalk,Antimatter
rosemary,Antimatter
rot,Logic
rottenstone,Antimatter
rotter,Antimatter
roue,Antimatter
round,Antimatter
roundabout,Antimatter
roundelay,Antimatter
roundsman,Antimatter
rout,Logic
roving,Antimatter
row,Logic
royal,Antimatter
royalist,Gun
rub,Antimatter
rubberneck,Antimatter
rubbing,Antimatter
rubbish,Logic
rubefacient,Antimatter
ruckus,Antimatter
ruction,Antimatter
ruddle,Antimatter
rudeness,Antimatter
rue,Logic
ruff,Antimatter
ruffle,Logic
ruin,Logic
rule,Logic
ruling,Antimatter
rumble,Antimatter
rumbling,Antimatter
rummage,Antimatter
rumourmonger,Antimatter
rumpus,Antimatter
run,Antimatter
runaway,Logic
rung,Antimatter
runnel,Antimatter
rupture,Logic
ruralism,Antimatter
rush,Antimatter
rushing,Antimatter
russet,Antimatter
rustic,Antimatter
rustle,Antimatter
ruthlessness,Antimatter
sa,Antimatter
sable,Antimatter
saccharose,Antimatter
sacerdotalism,Antimatter
sack,Antimatter
sackful,Antimatter
sacrifice,Antimatter
saddle,Antimatter
saddleback,Antimatter
sadhu,Antimatter
sadness,Logic
safe,Logic
safeguard,Logic
sag,Logic
sage,Logic
sago,Antimatter
sail,Antimatter
salesclerk,Antimatter
salesman,Antimatter
salient,Logic
salt,Antimatter
salter,Antimatter
salute,Logic
salvage,Antimatter
salve,Logic
sam,Antimatter
same,Antimatter
samite,Antimatter
sample,Antimatter
sanctimoniousness,Antimatter
sanction,Antimatter
sandarac,Antimatter
sandbag,Antimatter
sanders,Antimatter
sanguine,Logic
sannyasi,Antimatter
sannyasin,Antimatter
sap,Logic
saphead,Antimatter
sarcenet,Antimatter
sardonyx,Antimatter
sarsenet,Antimatter
sartor,Antimatter
sashay,Antimatter
saurian,Antimatter
savage,Logic
save,Logic
savor,Logic
savvy,Logic
saw,Antimatter
say,Antimatter
saying,Antimatter
scad,Antimatter
scads,Antimatter
scalawag,Antimatter
scald,Antimatter
scales,Antimatter
scammony,Antimatter
scamp,Antimatter
scan,Antimatter
scanties,Antimatter
scape,Antimatter
scapular,Antimatter
scar,Logic
scare,Logic
scarer,Antimatter
scarf,Antimatter
scarlet,Antimatter
scat,Antimatter
scathe,Antimatter
scatter,Antimatter
schedule,Antimatter
schizoid,Antimatter
schizophrenic,Antimatter
schoolbook,Antimatter
schoolcraft,Antimatter
schwa,Antimatter
scissors,Rock
scissure,Antimatter
scoff,Logic
scoffer,Antimatter
scoffing,Antimatter
scolder,Antimatter
sconce,Antimatter
scoop,Antimatter
scorch,Antimatter
score,Logic
scoreboard,Antimatter
scorn,Logic
scourge,Logic
scout,Antimatter
scowl,Antimatter
scrabble,Antimatter
scrag,Antimatter
scramble,Antimatter
scrap,Antimatter
scrape,Antimatter
scrappiness,Antimatter
scratch,Antimatter
scratches,Antimatter
scrawl,Antimatter
scream,Logic
screech,Logic
screen,Antimatter
screw,Antimatter
scribble,Antimatter
scrimshanker,Antimatter
scrimshaw,Antimatter
scroll,Antimatter
scrub,Logic
scruff,Antimatter
scrummage,Antimatter
scrunch,Antimatter
scrutineer,Antimatter
scud,Antimatter
scuff,Antimatter
scuffle,Antimatter
scull,Antimatter
sculptress,Gun
scup,Antimatter
scupper,Antimatter
scuppernong,Antimatter
scurry,Antimatter
scuttle,Antimatter
se,Antimatter
seafaring,Antimatter
seal,Logic
seam,Antimatter
seamstress,Antimatter
search,Antimatter
searcher,Antimatter
season,Antimatter
seat,Antimatter
second,Antimatter
secret,Logic
sectional,Antimatter
sectionalism,Antimatter
secureness,Antimatter
securer,Antimatter
sedition,Logic
seductress,Gun
sedulousness,Antimatter
seeker,Antimatter
seesaw,Antimatter
segment,Antimatter
segregate,Logic
selenolatry,Antimatter
seminarian,Antimatter
sennit,Antimatter
sensationalism,Antimatter
sentimentalism,Antimatter
sentimentalist,Gun
sentinel,Logic
separate,Antimatter
separates,Antimatter
septenary,Antimatter
sequencer,Antimatter
serenade,Antimatter
seriousness,Logic
sermon,Logic
serpentess,Antimatter
serra,Antimatter
serving,Antimatter
servo,Antimatter
sesquipedalian,Antimatter
set,Antimatter
setup,Antimatter
seventeenth,Antimatter
seventh,Antimatter
seventieth,Antimatter
seventy,Antimatter
sewer,Logic
sext,Antimatter
shackle,Logic
shad,Antimatter
shade,Antimatter
shadower,Antimatter
shaft,Antimatter
shag,Antimatter
shah,Antimatter
shake,Antimatter
shakedown,Antimatter
shallow,Antimatter
shamble,Antimatter
shame,Logic
shandy,Antimatter
shank,Logic
share,Logic
sharpener,Antimatter
shattering,Antimatter
shave,Antimatter
shay,Antimatter
shear,Antimatter
shed,Logic
sheen,Antimatter
sheet,Antimatter
shelfful,Antimatter
shell,Logic
shelter,Logic
shepherd,Logic
shield,Antimatter
shielder,Antimatter
shielding,Antimatter
shift,Antimatter
shifter,Antimatter
shiftlessness,Antimatter
shill,Antimatter
shim,Antimatter
shimmer,Antimatter
shimmy,Antimatter
shindy,Antimatter
shine,Logic
shinny,Antimatter
ship,Logic
shipbuilder,Antimatter
shirker,Antimatter
shiver,Logic
shivering,Antimatter
shoal,Antimatter
shock,Logic
shoddy,Logic
shoehorn,Antimatter
shoeshine,Antimatter
shoestring,Antimatter
shop,Antimatter
short,Antimatter
shout,Logic
shouter,Antimatter
shove,Logic
shovelboard,Antimatter
shovelful,Antimatter
show,Logic
showboat,Antimatter
showcase,Antimatter
shower,Antimatter
showing,Antimatter
shred,Antimatter
shredder,Antimatter
shrewishness,Antimatter
shrike,Antimatter
shrimp,Antimatter
shrink,Logic
shroud,Logic
shrug,Antimatter
shuck,Antimatter
shudder,Logic
shuffle,Antimatter
shunt,Antimatter
shuttle,Antimatter
sib,Logic
sibilant,Antimatter
sick,Logic
sickness,Logic
side,Antimatter
sideline,Antimatter
sidesplitter,Antimatter
sideswipe,Antimatter
sidetrack,Antimatter
sieve,Antimatter
sigh,Antimatter
sigma,Antimatter
sign,Antimatter
signal,Antimatter
signalman,Antimatter
signpost,Antimatter
silence,Antimatter
sillabub,Antimatter
silliness,Antimatter
silver,Antimatter
silvervine,Antimatter
simian,Antimatter
simper,Antimatter
simplification,Antimatter
singe,Antimatter
single,Antimatter
singsong,Antimatter
singular,Antimatter
sink,Antimatter
sion,Antimatter
sip,Antimatter
siphon,Antimatter
sitting,Antimatter
sixteenth,Antimatter
sixth,Antimatter
sixtieth,Antimatter
size,Antimatter
sizzle,Logic
skate,Antimatter
skepful,Antimatter
skepticism,Antimatter
sketch,Antimatter
skewer,Antimatter
ski,Antimatter
skid,Logic
skinflint,Antimatter
skinful,Antimatter
skip,Logic
skirl,Antimatter
skirmisher,Antimatter
skirt,Antimatter
skylark,Antimatter
skyrocket,Antimatter
slab,Antimatter
slack,Logic
slacker,Antimatter
slam,Logic
slander,Logic
slant,Antimatter
slap,Logic
slash,Logic
slating,Antimatter
slattern,Antimatter
slaughter,Logic
slaver,Antimatter
slavey,Antimatter
sled,Antimatter
sledge,Antimatter
sleep,Antimatter
sleepiness,Antimatter
sleepyhead,Antimatter
sleuth,Antimatter
slew,Antimatter
slice,Antimatter
slick,Antimatter
slicker,Antimatter
slide,Antimatter
slight,Antimatter
slime,Logic
slimness,Antimatter
sling,Antimatter
slip,Logic
slit,Antimatter
sliver,Antimatter
slob,Antimatter
slobber,Antimatter
slop,Logic
slops,Antimatter
slopseller,Antimatter
slot,Antimatter
slouch,Logic
slough,Logic
sloven,Antimatter
slowpoke,Antimatter
slug,Logic
sluggard,Antimatter
sluice,Antimatter
slumber,Antimatter
slump,Logic
slur,Logic
slush,Logic
slyboots,Antimatter
smack,Logic
smarm,Antimatter
smash,Logic
smasher,Antimatter
smear,Antimatter
smell,Logic
smidge,Antimatter
smile,Logic
smiler,Antimatter
smirch,Antimatter
smirk,Logic
smirker,Antimatter
smithereens,Antimatter
smithy,Antimatter
smock,Antimatter
smoke,Antimatter
smooch,Antimatter
smooth,Antimatter
smoother,Antimatter
smudge,Logic
smugness,Antimatter
snaffle,Antimatter
snaffles,Antimatter
snag,Logic
snap,Antimatter
snapper,Antimatter
snaps,Antimatter
snare,Logic
snarer,Antimatter
snarl,Logic
snatch,Antimatter
sneak,Logic
sneakiness,Antimatter
sneer,Logic
sneerer,Antimatter
sneeze,Logic
snick,Antimatter
snicker,Logic
sniff,Antimatter
sniffle,Antimatter
snigger,Antimatter
snip,Antimatter
snipe,Antimatter
snitch,Antimatter
snitcher,Antimatter
snivel,Antimatter
snobbery,Antimatter
snood,Antimatter
snoop,Antimatter
snoopy,Antimatter
snootiness,Antimatter
snooze,Antimatter
snorer,Antimatter
snorkel,Antimatter
snort,Logic
snowball,Antimatter
snub,Antimatter
snuff,Antimatter
snuffle,Antimatter
snuffles,Antimatter
snuggle,Antimatter
so,Antimatter
soak,Logic
soapwort,Antimatter
sob,Logic
sobersides,Antimatter
socage,Antimatter
soccer,Antimatter
sock,Antimatter
sod,Antimatter
sojourn,Antimatter
solace,Logic
sole,Antimatter
solid,Logic
solidago,Antimatter
soliloquy,Antimatter
solo,Antimatter
soloist,Gun
solvate,Antimatter
somersault,Antimatter
somerset,Antimatter
somnambulism,Antimatter
somniloquy,Antimatter
somnolence,Antimatter
sonant,Antimatter
sonar,Logic
songstress,Antimatter
sontag,Antimatter
sop,Antimatter
sophisticate,Antimatter
soporific,Antimatter
sorcerer,Gun
sorceress,Gun
sore,Logic
sorehead,Antimatter
sorrowfulness,Antimatter
sort,Antimatter
sot,Antimatter
sots,Antimatter
sound,Antimatter
sounding,Antimatter
soup,Logic
soupcon,Antimatter
source,Antimatter
souse,Antimatter
southeast,Antimatter
southwest,Antimatter
souvenir,Antimatter
sovereign,Logic
sovereignty,Antimatter
sow,Antimatter
spade,Antimatter
span,Antimatter
spangle,Antimatter
spank,Logic
spare,Antimatter
sparid,Antimatter
spark,Antimatter
sparkle,Logic
sparks,Antimatter
spat,Logic
spatchcock,Antimatter
spatter,Antimatter
spawn,Antimatter
spear,Logic
spearfish,Antimatter
spearhead,Antimatter
specifier,Antimatter
speckle,Antimatter
specks,Antimatter
speech,Logic
speechlessness,Antimatter
spell,Antimatter
spicula,Antimatter
spiff,Antimatter
spile,Antimatter
spill,Antimatter
spin,Antimatter
spinel,Antimatter
spinelessness,Antimatter
spiral,Antimatter
spit,Logic
spitball,Antimatter
spitefulness,Antimatter
spitfire,Antimatter
splash,Logic
splashboard,Antimatter
splashing,Antimatter
splat,Antimatter
splatter,Antimatter
splay,Antimatter
splice,Antimatter
splinter,Logic
split,Logic
splodge,Antimatter
splurge,Antimatter
splutter,Antimatter
spoil,Logic
sponge,Logic
spoof,Antimatter
spook,Logic
spool,Antimatter
spoon,Antimatter
spoonful,Antimatter
sportsman,Antimatter
sportswoman,Antimatter
spot,Antimatter
spotlight,Antimatter
spout,Antimatter
sprain,Logic
spray,Antimatter
sprayer,Antimatter
spread,Antimatter
spreading,Antimatter
sprinkle,Antimatter
sprint,Antimatter
sprinter,Antimatter
sprout,Antimatter
spruce,Logic
spume,Antimatter
spur,Logic
spurt,Antimatter
sputter,Antimatter
sputum,Antimatter
squab,Antimatter
squabble,Antimatter
squalor,Antimatter
squandermania,Antimatter
squash,Antimatter
squat,Antimatter
squawk,Antimatter
squeak,Antimatter
squeal,Antimatter
squeeze,Antimatter
squeezer,Antimatter
squelch,Logic
squiggle,Antimatter
squint,Antimatter
squirt,Antimatter
squish,Antimatter
stab,Logic
stable,Logic
stack,Antimatter
staff,Antimatter
staffer,Antimatter
stage,Antimatter
staggers,Antimatter
staghead,Antimatter
stain,Logic
stake,Antimatter
stalk,Logic
stall,Logic
stallion,Logic
stalwart,Logic
stammer,Antimatter
stamp,Antimatter
stampede,Antimatter
stanchion,Antimatter
stand,Antimatter
standard,Antimatter
standing,Logic
standstill,Logic
staple,Antimatter
stare,Antimatter
stargazing,Antimatter
start,Logic
starveling,Antimatter
stash,Antimatter
station,Antimatter
stave,Logic
stay,Antimatter
stays,Antimatter
stead,Antimatter
stealer,Antimatter
steam,Antimatter
steen,Antimatter
steeplechaser,Antimatter
steer,Antimatter
stem,Antimatter
stench,Antimatter
stencil,Antimatter
step,Antimatter
stepbrother,Antimatter
stepchild,Antimatter
stepdaughter,Antimatter
stepfather,Antimatter
sterilizer,Antimatter
stew,Antimatter
steward,Logic
stewpan,Antimatter
stick,Flame
sticks,Antimatter
stiffening,Antimatter
still,Antimatter
stillbirth,Antimatter
stilt,Antimatter
stimulant,Antimatter
sting,Logic
stink,Logic
stint,Logic
stinter,Antimatter
stipendiary,Antimatter
stir,Antimatter
stirring,Antimatter
stitch,Antimatter
stockman,Antimatter
stodge,Antimatter
stole,Antimatter
stolidness,Antimatter
stomp,Antimatter
stonecutter,Antimatter
stoop,Antimatter
stop,Antimatter
stopper,Antimatter
stopple,Antimatter
store,Logic
storeroom,Antimatter
straddle,Antimatter
straggle,Antimatter
straight,Antimatter
strain,Antimatter
strainer,Antimatter
strand,Antimatter
strap,Antimatter
strategist,Logic
stray,Logic
streak,Antimatter
stream,Antimatter
strengthening,Logic
stretch,Antimatter
strickle,Antimatter
stride,Antimatter
strider,Antimatter
stridor,Antimatter
stridulation,Antimatter
strike,Logic
strip,Logic
stroll,Antimatter
strop,Antimatter
structure,Logic
struggle,Logic
strum,Antimatter
strumpet,Antimatter
strut,Logic
stubbornness,Antimatter
stud,Logic
studiousness,Antimatter
study,Logic
stuff,Antimatter
stumble,Logic
stump,Antimatter
stunner,Antimatter
stunt,Antimatter
stutter,Antimatter
stymie,Antimatter
sub,Antimatter
subcontract,Antimatter
subdivider,Antimatter
subduer,Antimatter
subject,Logic
sublease,Antimatter
submarine,Antimatter
submariner,Antimatter
subordinate,Logic
subordinateness,Antimatter
subsidiary,Antimatter
substantive,Logic
substitute,Antimatter
subversive,Logic
subverter,Antimatter
success,Logic
succor,Antimatter
succubus,Antimatter
suckling,Antimatter
sufferer,Logic
suffix,Antimatter
suffragan,Antimatter
sugar,Logic
suit,Antimatter
suiting,Antimatter
sulk,Antimatter
sulkiness,Antimatter
sulphate,Antimatter
sum,Antimatter
summit,Antimatter
sumner,Antimatter
sunup,Antimatter
superior,Logic
supernumerary,Antimatter
superoxide,Antimatter
supper,Antimatter
supplement,Antimatter
suppliant,Antimatter
supplicant,Antimatter
supply,Logic
support,Antimatter
surcease,Antimatter
surf,Antimatter
surface,Antimatter
surfeit,Antimatter
surge,Logic
surmisal,Antimatter
surmise,Logic
surmounter,Antimatter
surprise,Logic
surpriser,Antimatter
surprisingness,Antimatter
surrender,Logic
surround,Logic
surtout,Antimatter
survey,Antimatter
suspect,Logic
susurrus,Antimatter
suzerainty,Antimatter
swage,Antimatter
swagger,Antimatter
swaggerer,Antimatter
swain,Antimatter
swallow,Antimatter
swami,Antimatter
swamp,Logic
swank,Antimatter
swap,Antimatter
swarm,Logic
swash,Antimatter
swatch,Antimatter
swathe,Antimatter
sway,Antimatter
sweat,Logic
sweep,Antimatter
sweeping,Antimatter
sweetheart,Logic
sweetie,Logic
swell,Antimatter
swerve,Logic
swig,Logic
swill,Antimatter
swim,Logic
swimmer,Antimatter
swimming,Antimatter
swindle,Antimatter
swineherd,Antimatter
swing,Antimatter
swipe,Antimatter
swipes,Antimatter
swirl,Antimatter
swish,Antimatter
switch,Antimatter
swither,Antimatter
swivel,Antimatter
swivet,Antimatter
swiz,Antimatter
swizzle,Antimatter
swoon,Antimatter
swoop,Antimatter
swoosh,Antimatter
swordsman,Antimatter
swot,Antimatter
syllogist,Gun
sylvanite,Antimatter
symbolizer,Antimatter
symphony,Logic
synchronism,Antimatter
syndicate,Antimatter
synergism,Antimatter
synizesis,Antimatter
synovia,Antimatter
syphilitic,Antimatter
table,Antimatter
tables,Antimatter
tablespoonful,Antimatter
tachygraphy,Antimatter
tachylite,Antimatter
tack,Antimatter
tackle,Logic
taffy,Antimatter
tag,Antimatter
tailor,Antimatter
taint,Logic
take,Antimatter
taker,Antimatter
talk,Logic
talker,Antimatter
tallness,Antimatter
tallow,Antimatter
tally,Antimatter
tallyman,Antimatter
tam,Antimatter
tamer,Antimatter
tanager,Antimatter
tandem,Logic
tang,Antimatter
tangelo,Antimatter
tangle,Antimatter
tank,Antimatter
tankful,Antimatter
tansy,Antimatter
tap,Antimatter
tape,Antimatter
taper,Antimatter
taphephobia,Antimatter
taps,Antimatter
tar,Antimatter
tardiness,Logic
tare,Antimatter
target,Antimatter
tarnish,Logic
tarp,Antimatter
tarradiddle,Antimatter
tarriance,Antimatter
taskmaster,Antimatter
taste,Antimatter
tate,Antimatter
tatter,Antimatter
tatterdemalion,Antimatter
tattle,Antimatter
taunt,Logic
tautog,Antimatter
tavern,Antimatter
taw,Antimatter
taws,Antimatter
taxi,Antimatter
taxis,Antimatter
te,Antimatter
teacupful,Antimatter
teakettle,Antimatter
teammate,Antimatter
tear,Antimatter
tease,Logic
teashop,Antimatter
tediousness,Antimatter
teen,Antimatter
telecast,Antimatter
telegram,Antimatter
telegraph,Antimatter
telfer,Antimatter
tell,Antimatter
telltale,Antimatter
temblor,Antimatter
temp,Antimatter
temper,Antimatter
tempera,Antimatter
tempest,Logic
temporariness,Antimatter
temptress,Gun
tender,Logic
tenebrionid,Antimatter
tenth,Antimatter
term,Antimatter
terminal,Logic
ternary,Antimatter
terrace,Antimatter
terribleness,Antimatter
test,Antimatter
tether,Logic
tetterwort,Antimatter
textbook,Antimatter
thalamus,Antimatter
thanatopsis,Antimatter
thankfulness,Antimatter
thatch,Antimatter
thaumaturgist,Gun
thaw,Antimatter
theatergoer,Antimatter
theorizer,Antimatter
there,Antimatter
thermoregulator,Antimatter
thief,Logic
thievery,Antimatter
thieving,Antimatter
thimbleful,Antimatter
thing,Antimatter
thingamabob,Antimatter
thingummy,Antimatter
thinner,Antimatter
third,Antimatter
thirster,Antimatter
thirteenth,Logic
thirtieth,Antimatter
thou,Antimatter
thought,Logic
thousand,Antimatter
thrall,Antimatter
thread,Antimatter
threepence,Antimatter
thriftiness,Antimatter
thrill,Logic
throb,Logic
thromboplastin,Antimatter
throng,Antimatter
throstle,Antimatter
throttle,Logic
throw,Antimatter
throwaway,Antimatter
thrust,Antimatter
thrusting,Antimatter
thud,Antimatter
thump,Logic
thunderer,Antimatter
thwack,Antimatter
thwart,Logic
thwarter,Antimatter
thyme,Antimatter
ti,Antimatter
tib,Antimatter
tick,Antimatter
tickle,Logic
tidiness,Antimatter
tidings,Antimatter
tie,Antimatter
tiff,Logic
tightwad,Antimatter
tile,Antimatter
tilefish,Antimatter
tiler,Antimatter
till,Antimatter
tilt,Antimatter
timber,Flame
timberman,Antimatter
timepiece,Antimatter
times,Antimatter
tindal,Antimatter
tingle,Antimatter
tingling,Antimatter
tinker,Antimatter
tinkle,Antimatter
tinsel,Logic
tip,Antimatter
tipple,Antimatter
tipsiness,Antimatter
tiptoe,Antimatter
tiptop,Antimatter
tirade,Logic
tire,Antimatter
tiredness,Logic
tiresomeness,Antimatter
titter,Antimatter
tizzy,Antimatter
toady,Antimatter
toast,Logic
toastmaster,Antimatter
tobacconist,Gun
tod,Antimatter
toddler,Antimatter
toff,Antimatter
toggle,Antimatter
toil,Antimatter
token,Antimatter
toller,Antimatter
tomboy,Antimatter
tomfool,Antimatter
tommyrot,Antimatter
toot,Antimatter
toothache,Logic
toothwort,Antimatter
top,Logic
tops,Antimatter
topside,Antimatter
torch,Antimatter
torchbearer,Antimatter
torment,Logic
tormentor,Antimatter
torpedo,Logic
torque,Antimatter
torrent,Logic
tosh,Antimatter
toss,Antimatter
tot,Antimatter
total,Antimatter
tote,Antimatter
toter,Antimatter
touch,Antimatter
tour,Antimatter
tourney,Antimatter
tout,Antimatter
tow,Antimatter
tower,Logic
towner,Antimatter
trace,Antimatter
track,Logic
tract,Logic
trade,Logic
traditionalism,Antimatter
tragacanth,Antimatter
trail,Antimatter
train,Antimatter
trammel,Antimatter
tramontane,Antimatter
tramp,Logic
transfer,Antimatter
transgression,Logic
transgressor,Gun
transient,Antimatter
transparence,Antimatter
transplant,Antimatter
transport,Antimatter
trap,Antimatter
trapping,Antimatter
traps,Logic
trash,Logic
travail,Logic
travel,Antimatter
travelogue,Antimatter
traverse,Antimatter
trawl,Antimatter
tread,Antimatter
treasure,Logic
treat,Logic
treble,Antimatter
trek,Antimatter
trench,Antimatter
trepan,Antimatter
trephine,Antimatter
trepidation,Logic
tribute,Logic
trice,Antimatter
trick,Logic
trickle,Antimatter
triennial,Antimatter
trifle,Logic
trifling,Antimatter
trifolium,Antimatter
trigger,Antimatter
triglochin,Antimatter
trike,Antimatter
trim,Antimatter
trine,Antimatter
trip,Logic
triple,Antimatter
triplicate,Antimatter
trollop,Antimatter
trollops,Antimatter
troop,Antimatter
trot,Antimatter
trouble,Antimatter
troublemaker,Antimatter
troubler,Antimatter
trough,Antimatter
trousers,Antimatter
trove,Antimatter
troy,Antimatter
truck,Logic
trucks,Antimatter
trump,Logic
trumpet,Logic
trumpeter,Antimatter
trundle,Antimatter
truss,Logic
trust,Logic
trustfulness,Antimatter
trustworthiness,Antimatter
try,Antimatter
tub,Antimatter
tube,Antimatter
tubful,Antimatter
tuck,Antimatter
tucket,Antimatter
tufa,Antimatter
tuff,Antimatter
tuffet,Antimatter
tug,Antimatter
tumble,Logic
tumbling,Antimatter
tun,Antimatter
tune,Antimatter
tunefulness,Antimatter
tung,Antimatter
tungstate,Antimatter
tunnel,Antimatter
tup,Antimatter
tuppence,Antimatter
turbinate,Antimatter
turf,Antimatter
turkey,Antimatter
turn,Antimatter
turndown,Antimatter
turning,Antimatter
turns,Antimatter
turnup,Antimatter
turquoise,Antimatter
turtledove,Antimatter
tussle,Logic
tussock,Antimatter
tutor,Logic
twaddle,Antimatter
twaddler,Antimatter
twang,Antimatter
tweak,Antimatter
tweet,Antimatter
twelvemonth,Antimatter
twentieth,Antimatter
twerp,Antimatter
twiddle,Antimatter
twig,Flame
twill,Antimatter
twin,Logic
twine,Antimatter
twiner,Antimatter
twinkle,Logic
twirl,Antimatter
twist,Antimatter
twisting,Antimatter
twit,Antimatter
twitch,Logic
twosome,Antimatter
tyke,Antimatter
type,Antimatter
typology,Antimatter
tyro,Antimatter
ugliness,Logic
ultimate,Logic
unassumingness,Antimatter
unbalance,Antimatter
unconcern,Antimatter
unconscious,Logic
undergrad,Antimatter
underground,Antimatter
underlay,Antimatter
underpass,Antimatter
underscore,Antimatter
understanding,Logic
understudy,Antimatter
undiscipline,Antimatter
undoer,Antimatter
unfairness,Logic
unfolding,Antimatter
ungratefulness,Antimatter
unguent,Antimatter
unhappiness,Logic
uniform,Antimatter
uninitiate,Antimatter
unionism,Antimatter
uniqueness,Antimatter
Antimatter,Antimatter
unlikeliness,Antimatter
unmentionable,Antimatter
unmentionables,Antimatter
untidiness,Antimatter
unveiling,Antimatter
unwillingness,Logic
upbraider,Antimatter
upbraiding,Antimatter
upcast,Antimatter
update,Antimatter
upgrade,Antimatter
uplift,Logic
upper,Antimatter
uppercut,Antimatter
uprooter,Antimatter
upside,Antimatter
upstairs,Antimatter
upstart,Antimatter
upsurge,Antimatter
upthrow,Antimatter
upturn,Antimatter
uranalysis,Antimatter
urge,Antimatter
us,Antimatter
use,Antimatter
usefulness,Logic
usher,Logic
usings,Antimatter
utas,Antimatter
utilitarian,Antimatter
utilizer,Antimatter
utmost,Antimatter
uttermost,Antimatter
utterness,Antimatter
v,Antimatter
vacationer,Antimatter
vagabond,Antimatter
vagrancy,Antimatter
vagrant,Antimatter
vainglory,Antimatter
vale,Antimatter
valedictory,Antimatter
valet,Antimatter
valetudinarian,Antimatter
valley,Antimatter
valorousness,Antimatter
valuableness,Antimatter
valuator,Antimatter
vanisher,Antimatter
vantage,Antimatter
variable,Logic
variate,Antimatter
varietal,Antimatter
variola,Antimatter
vasoconstrictor,Antimatter
vaunt,Antimatter
vaunter,Antimatter
veery,Antimatter
vegetable,Antimatter
veil,Antimatter
velvet,Logic
vender,Antimatter
vendition,Antimatter
venerability,Antimatter
vent,Logic
venture,Antimatter
venturer,Antimatter
verdigris,Antimatter
verge,Logic
verity,Antimatter
vermifuge,Antimatter
vertigo,Logic
verve,Logic
vesture,Antimatter
vet,Antimatter
vexer,Antimatter
victual,Antimatter
victuals,Antimatter
view,Antimatter
viewer,Antimatter
vilification,Antimatter
vim,Antimatter
vindicator,Antimatter
vindictiveness,Antimatter
violator,Antimatter
virgilia,Antimatter
virtuousness,Antimatter
vis,Antimatter
visit,Logic
visor,Logic
vivacity,Antimatter
vivarium,Antimatter
vocative,Antimatter
voice,Antimatter
void,Antimatter
volunteer,Logic
vomit,Logic
vow,Logic
vower,Antimatter
voyage,Logic
vulcanizer,Antimatter
vulgarizer,Antimatter
wa,Antimatter
wad,Antimatter
waffle,Logic
wag,Antimatter
wage,Antimatter
wager,Antimatter
wail,Logic
wait,Logic
wake,Antimatter
wakes,Antimatter
walk,Antimatter
walkaway,Antimatter
walker,Antimatter
wallboard,Antimatter
wallop,Antimatter
walloping,Antimatter
wally,Antimatter
waltz,Antimatter
wanderlust,Antimatter
wanness,Antimatter
want,Antimatter
wanter,Antimatter
wanton,Antimatter
warble,Antimatter
ward,Antimatter
warder,Antimatter
ware,Logic
warmer,Antimatter
warp,Logic
warrant,Antimatter
wartime,Antimatter
wash,Antimatter
washboard,Antimatter
washbowl,Antimatter
washerman,Antimatter
washerwoman,Antimatter
wassail,Antimatter
waste,Logic
wastrel,Antimatter
watch,Logic
watcher,Antimatter
watchfulness,Antimatter
watchman,Logic
waterway,Antimatter
wattage,Antimatter
wattle,Antimatter
wave,Antimatter
wax,Antimatter
wayfaring,Antimatter
weakling,Antimatter
wear,Logic
wearer,Antimatter
weasel,Antimatter
weave,Antimatter
wedge,Antimatter
wee,Antimatter
weekly,Antimatter
weigher,Antimatter
welcome,Antimatter
weld,Antimatter
weldment,Antimatter
well,Antimatter
wellspring,Antimatter
welt,Antimatter
welter,Antimatter
wencher,Antimatter
west,Antimatter
westerly,Antimatter
western,Antimatter
wetness,Antimatter
whack,Logic
whaler,Antimatter
whatnot,Antimatter
wheeze,Antimatter
whelp,Antimatter
whicker,Antimatter
whiff,Antimatter
while,Antimatter
whimper,Logic
whine,Logic
whiner,Antimatter
whinny,Antimatter
whip,Logic
whippersnapper,Antimatter
whipsaw,Antimatter
whirl,Antimatter
whirligig,Antimatter
whirlwind,Logic
whisk,Antimatter
whisper,Antimatter
whist,Antimatter
whistle,Antimatter
white,Antimatter
whitecup,Antimatter
whitewash,Antimatter
whits,Antimatter
whiz,Antimatter
who,Antimatter
whodunit,Antimatter
whole,Antimatter
whoop,Antimatter
whooper,Antimatter
whoosh,Antimatter
wick,Antimatter
wife,Antimatter
wiggle,Antimatter
wile,Antimatter
willies,Antimatter
wilt,Antimatter
wince,Logic
wincey,Antimatter
wind,Antimatter
winding,Antimatter
windup,Antimatter
wineglass,Antimatter
wink,Antimatter
winker,Antimatter
winkle,Antimatter
winner,Logic
winning,Logic
wipe,Antimatter
wire,Antimatter
wisecrack,Antimatter
wish,Antimatter
wisp,Antimatter
wisteria,Antimatter
withy,Antimatter
witness,Logic
woad,Antimatter
wobble,Antimatter
woe,Logic
wolfram,Antimatter
womanizer,Antimatter
wonder,Antimatter
wonderer,Antimatter
wonderfulness,Antimatter
wonderment,Antimatter
wont,Logic
woodlet,Antimatter
woodward,Antimatter
wooer,Antimatter
word,Logic
work,Antimatter
workbox,Antimatter
works,Antimatter
worm,Logic
worry,Logic
worrywart,Antimatter
worst,Antimatter
worth,Logic
worthlessness,Antimatter
wound,Logic
wrack,Antimatter
wrangle,Antimatter
wrap,Antimatter
wrapper,Antimatter
wrath,Logic
wreck,Logic
wrench,Logic
wrester,Antimatter
wrestle,Antimatter
wretch,Logic
wriggle,Antimatter
wright,Antimatter
wrinkle,Antimatter
wrong,Logic
xi,Antimatter
yachtswoman,Antimatter
yak,Antimatter
yank,Antimatter
yap,Antimatter
yardage,Antimatter
yataghan,Antimatter
yearbook,Sword
yearning,Logic
yell,Logic
yellow,Antimatter
yelp,Logic
yen,Antimatter
yielding,Antimatter
yip,Antimatter
yoke,Antimatter
youngster,Sword
younker,Antimatter
yowl,Antimatter
z,Antimatter
zag,Antimatter
zany,Logic
zed,Antimatter
zig,Antimatter
zigzag,Antimatter
zing,Antimatter
zip,Logic
zoolatry,Antimatter
zoomorphism,Antimatter
zoonosis,Cure
